"parental_education","family_income","internet_access","study_environment","study_hours_per_day","attendance_rate","sleep_hours","social_media_hours","assignment_completion_rate","participation_score","online_courses_completed","tutoring","pass"
"High School","Medium","Yes","Quiet",2.23,88.3,7.61,3.6,100,82.7,4,"No",0
"High School","Medium","Yes","Moderate",2.97,76.7,7,0,78.5,60.2,1,"No",0
"Bachelor","Medium","Yes","Noisy",1.5,71.4,7.71,3,76.2,58.1,2,"No",0
"Bachelor","Medium","Yes","Moderate",0.64,99.9,6.99,1.4,63.3,78.7,3,"No",0
"High School","Medium","No","Moderate",3.19,85.7,6.91,3.3,100,42.2,1,"No",0
"Bachelor","Medium","Yes","Moderate",2.14,98.2,6.99,1.2,69.8,55,2,"No",0
"High School","Medium","Yes","Noisy",2.44,81.8,7.1,2.3,51.7,76.8,1,"Yes",0
"High School","Medium","Yes","Quiet",0.98,88.3,6.6,3.4,82.3,99.6,2,"Yes",0
"Master","High","Yes","Moderate",0.5,70.6,4.3,5.2,75.3,79.3,2,"Yes",0
"Bachelor","Medium","Yes","Moderate",3.23,78.7,7.07,4.4,53.1,82,1,"No",0
"High School","Low","Yes","Quiet",2.9,83.5,5.55,2.1,55.1,60.8,1,"Yes",0
"Bachelor","High","No","Noisy",1.2,100,8.74,0.3,70.8,93.1,3,"Yes",0
"Bachelor","Medium","Yes","Moderate",2.47,95,7.73,3,60.1,67.6,2,"No",0
"High School","Low","No","Noisy",2.73,87.7,8.4,3.3,79.8,87.4,1,"No",0
"High School","Low","Yes","Noisy",2.64,62.9,5.68,2.9,100,70.8,2,"No",0
"High School","Low","No","Quiet",1.16,81.2,7.19,2.9,81.2,48.4,1,"No",0
"Master","Medium","Yes","Noisy",1.42,82.8,4.84,2.3,81.7,87,0,"No",0
"Master","Medium","Yes","Moderate",2.84,63.7,7.84,2.5,70,69.4,2,"No",0
"Master","Medium","Yes","Noisy",4.24,88.6,7.41,0,88.9,67.3,1,"No",0
"High School","Low","No","Noisy",2.79,83.5,7.47,2.8,82.2,83.4,1,"Yes",0
"Bachelor","Medium","Yes","Quiet",2.06,89.4,8.64,1.9,68.9,76.7,3,"No",0
"Bachelor","Low","Yes","Moderate",3.1,82.5,6.1,2.9,62.8,73.5,1,"No",0
"Master","High","Yes","Moderate",3.55,92.8,5.75,0.9,86.2,68.9,2,"No",0
"Master","Low","Yes","Quiet",1.15,87.4,7.31,0,74.7,50.4,2,"No",0
"High School","Medium","Yes","Moderate",0.5,91.4,6.5,2.5,66.5,57.4,1,"Yes",0
"Bachelor","Medium","Yes","Moderate",2.1,100,5.96,2.4,92.4,54,2,"No",0
"High School","High","Yes","Moderate",0.5,98.9,5.98,1.9,76.2,67,1,"No",0
"Bachelor","High","Yes","Moderate",3.67,93.1,7.68,1.3,76.3,61.5,1,"Yes",0
"PhD","Low","Yes","Moderate",2.69,71.3,6.97,3.8,76.9,59.6,3,"No",0
"Master","Low","Yes","Moderate",2.74,80.5,7.77,0.6,97.1,57.9,2,"No",0
"High School","Medium","Yes","Moderate",4.22,89.2,4,3.5,82.5,80.3,3,"No",0
"Bachelor","Low","Yes","Quiet",2.47,84,6.11,6.4,81.1,68.9,5,"Yes",0
"High School","High","Yes","Quiet",0.5,96.5,5.66,1.6,58.1,67.5,3,"Yes",0
"High School","Medium","Yes","Moderate",2,80.3,7.13,1.6,75.6,74.9,2,"No",0
"High School","Low","No","Moderate",3.04,81.2,8.66,4.7,85.7,59.8,2,"No",0
"Bachelor","Low","Yes","Moderate",4.56,83.5,7.54,1.9,98.1,81.9,2,"No",0
"High School","Medium","Yes","Moderate",2.26,69.5,6.29,3.9,89.1,54.1,3,"Yes",0
"Bachelor","Low","Yes","Noisy",0.5,59.8,7.82,3.2,97.1,74.1,2,"No",0
"High School","High","No","Moderate",1.28,89,6.17,2.1,69.7,59.9,0,"No",0
"High School","Medium","No","Quiet",1.26,71.3,8.59,3.3,87.1,97.6,2,"No",0
"High School","High","Yes","Noisy",1.45,89.3,8.25,1.9,100,85.1,3,"No",0
"High School","Low","Yes","Moderate",1.73,82,7.19,4.2,81.7,55.5,5,"No",0
"High School","Low","Yes","Noisy",3.39,100,7.74,1.8,41.8,100,1,"No",0
"Master","Medium","Yes","Quiet",4.58,71.4,7.48,2.4,67,55.4,3,"Yes",0
"High School","High","Yes","Moderate",4.24,89.1,7.17,3.9,100,71.3,1,"No",0
"High School","Medium","Yes","Quiet",1.14,78.2,7.11,4.1,83.4,43.2,3,"No",0
"Master","Low","Yes","Moderate",0.5,72.2,8.14,2.1,59,71.1,4,"Yes",0
"Bachelor","Medium","Yes","Moderate",1.58,91,6.25,5.4,79.9,63.3,4,"Yes",0
"Master","Medium","Yes","Quiet",3.69,78.2,4.87,4.2,94.4,73.4,2,"No",0
"High School","High","Yes","Noisy",2.32,98.4,6.49,1.9,80.1,77.4,3,"No",0
"Bachelor","Medium","Yes","Noisy",4.46,83.7,5.96,4.6,90.9,95.6,3,"No",0
"High School","Medium","Yes","Noisy",3.17,86.9,8.02,3.7,80.4,69.6,0,"No",0
"Bachelor","Low","Yes","Moderate",2.88,81.7,8.42,7.2,84.7,64.8,4,"No",0
"High School","Low","Yes","Quiet",3.04,83.9,6.21,2.3,71.8,68.2,2,"No",0
"High School","Medium","No","Noisy",5.3,80.4,6.02,2.7,56.5,92.4,1,"No",0
"High School","Medium","Yes","Moderate",2.36,88.8,7.85,2.8,78.7,61.9,3,"Yes",0
"Bachelor","Low","Yes","Quiet",1.66,80.9,6.99,2.8,86.4,67.3,2,"No",0
"Bachelor","Medium","Yes","Moderate",2.97,82.6,6.58,3.7,84.3,34.4,2,"No",0
"PhD","Medium","Yes","Quiet",2.5,94.1,8.87,2.3,90.8,42.8,5,"No",0
"Bachelor","Low","Yes","Moderate",3.66,91.4,7.31,3,70.3,65.1,6,"No",0
"Master","Medium","Yes","Moderate",2.02,99.4,6.66,3.7,64,58.1,0,"No",0
"High School","Medium","Yes","Moderate",3.86,73.9,7.56,3,76.1,53.7,1,"No",0
"Master","Low","Yes","Noisy",3.88,79,7.89,3.5,95.9,66.1,5,"No",0
"Bachelor","Medium","Yes","Quiet",1.65,92.6,8.5,3.8,62.8,89.4,2,"No",0
"Master","Medium","Yes","Quiet",0.98,74.2,7.51,2.2,97.6,70.4,4,"No",0
"High School","Medium","Yes","Quiet",2.04,81.2,6.21,3.6,74,71.4,2,"No",0
"High School","Medium","Yes","Quiet",1.92,87.7,6.43,2.7,54,53.6,3,"No",0
"High School","Medium","No","Moderate",2.96,96.3,8.29,2.8,100,59.5,1,"No",0
"PhD","Medium","Yes","Quiet",4.11,100,5.71,0.8,67.8,63.2,1,"No",0
"PhD","Low","Yes","Quiet",3.78,73.1,8.08,0.5,83,61,4,"Yes",0
"Bachelor","Medium","No","Moderate",4.14,83,7.02,3.2,77.4,70.2,1,"No",0
"High School","High","Yes","Quiet",2.21,89,5.92,1.9,76.2,95.5,1,"No",0
"High School","Medium","Yes","Moderate",1.92,85,6.8,3.1,100,87.6,2,"No",0
"High School","High","Yes","Noisy",4.19,77.6,6.59,1.7,62.8,86.8,2,"No",0
"Bachelor","High","No","Moderate",3.11,100,5.72,5.1,77.4,84,5,"No",0
"High School","Low","Yes","Quiet",2.49,76.6,6.54,2.1,64.2,76.8,5,"No",0
"High School","Medium","Yes","Quiet",1.76,88.6,6.51,1,70.9,71,2,"Yes",0
"Bachelor","Medium","Yes","Quiet",2.68,70.2,5.59,2.4,54.1,93.2,3,"No",0
"Bachelor","Low","Yes","Noisy",3,100,6.8,4.8,49.1,76.1,3,"Yes",0
"High School","Medium","Yes","Moderate",3.33,80.9,7.82,3.8,81.6,77.8,1,"No",0
"Master","Medium","Yes","Quiet",1.58,69.8,8.43,1.6,73,96.7,5,"No",0
"Bachelor","High","Yes","Moderate",2.74,94.6,7.23,3.5,74.4,67,2,"No",0
"High School","Low","Yes","Quiet",1.25,82.4,7.4,0.5,85.8,30.7,0,"No",0
"High School","High","Yes","Moderate",2.73,93.5,6.95,1.9,86.7,99,1,"Yes",0
"High School","Medium","No","Quiet",3.35,99.2,7.62,2.5,83.7,63.3,7,"No",0
"Master","Medium","Yes","Moderate",3.14,66.8,8.52,1.6,69.8,57.9,0,"No",0
"High School","High","Yes","Moderate",1.18,90.5,6.57,0.1,86.2,75,1,"No",0
"Master","Medium","Yes","Noisy",1.65,74.2,6.81,2.8,62.3,69.1,1,"No",0
"Bachelor","Low","Yes","Quiet",4.42,72.7,6.51,4.6,100,57.5,1,"Yes",0
"Bachelor","Medium","Yes","Moderate",2.37,96.5,6.5,2.7,71.2,84.9,2,"No",0
"Master","Medium","Yes","Moderate",4.14,84.4,6.91,5.7,93.5,74.1,1,"No",0
"High School","Medium","Yes","Quiet",2.98,82.8,7.19,3.6,81.5,63.6,2,"No",0
"Bachelor","High","Yes","Quiet",2.95,78,7.56,5.3,61.6,82,2,"No",0
"High School","Medium","Yes","Quiet",1.54,85,7.38,0.1,100,70.7,1,"No",0
"High School","Low","Yes","Noisy",4.16,86.6,6.45,2.8,94.2,50,1,"No",0
"Bachelor","Medium","Yes","Quiet",4.01,65.4,6.46,3.3,99.3,70.8,4,"No",0
"Bachelor","High","Yes","Noisy",3.81,62.7,6.43,3.6,70.1,63.7,1,"Yes",0
"High School","Medium","Yes","Moderate",3.05,87.1,4.85,2.4,75.4,80.3,2,"No",0
"Master","Medium","Yes","Moderate",2.88,79.7,5.85,1.8,59,72.8,3,"Yes",0
"High School","High","Yes","Moderate",1.39,70.9,6.64,1.7,71,80,2,"Yes",0
"Master","High","Yes","Quiet",2.37,99.6,6.61,4.5,87.5,97.1,1,"No",0
"Bachelor","High","Yes","Noisy",1.65,82.8,7.16,2.8,85,70.3,1,"No",0
"Bachelor","Medium","Yes","Moderate",3.64,80,7.33,4.7,49.2,78.2,2,"No",0
"Master","Low","Yes","Noisy",2.15,85.7,6.2,4.6,55,57.9,1,"No",0
"High School","High","Yes","Quiet",2.63,76.7,6.65,3.9,98.6,66.6,2,"No",0
"Bachelor","Low","No","Moderate",1.62,83.5,7.9,3.8,68.3,69,1,"No",0
"Bachelor","Medium","Yes","Moderate",3.75,100,9.18,5.1,63.9,68.9,3,"No",0
"High School","Low","Yes","Moderate",2.07,86.2,4.99,5.3,77.8,67.1,1,"No",0
"Master","High","No","Noisy",1.88,86.4,7.98,3.6,82.9,93,3,"No",0
"High School","Medium","No","Moderate",0.5,100,6.98,4.1,84,61.4,2,"No",0
"High School","Medium","Yes","Quiet",3.76,77.7,6.3,3,100,47.6,3,"No",0
"Bachelor","Low","Yes","Quiet",2.18,77.9,8.91,4.5,97,70.9,4,"Yes",0
"High School","Low","Yes","Quiet",3.2,62.8,7.64,1.8,87.8,70.4,3,"No",0
"High School","Medium","Yes","Moderate",0.5,75.9,7.57,2.4,62.7,62.6,5,"No",0
"Bachelor","Medium","Yes","Quiet",2.6,79.1,7.22,3.5,99.2,75.7,0,"No",0
"Bachelor","High","Yes","Moderate",1.71,100,6.35,0,75.8,41.1,1,"No",0
"Master","Medium","No","Noisy",4.98,84.7,7.38,4.4,49.8,49.4,1,"No",0
"Bachelor","Medium","No","Moderate",1.78,84.6,5.62,3,72.2,78.3,6,"Yes",0
"High School","Medium","Yes","Quiet",3.37,89.5,7.48,3.5,88.1,81,4,"No",0
"Bachelor","Low","Yes","Moderate",2.9,73,6.99,2.4,80.9,59.9,2,"No",0
"High School","Medium","Yes","Moderate",3.45,68.9,7.01,5.2,52.7,55.9,3,"No",0
"High School","Low","Yes","Moderate",1.67,87.4,7.38,0,75.9,75.6,2,"Yes",0
"High School","Medium","Yes","Moderate",3.46,81.5,5.57,5.2,84.2,45.1,1,"No",0
"High School","Medium","Yes","Moderate",0.5,87.1,9.2,4.3,94.6,91.6,4,"No",0
"Bachelor","Medium","Yes","Quiet",2.49,86.1,7.39,3.7,55.8,63.9,1,"No",0
"Bachelor","High","Yes","Noisy",4.33,73.5,6.17,3.1,76.4,75.4,1,"Yes",0
"Master","High","No","Quiet",3.33,100,6.1,4.2,87.6,58.1,2,"Yes",0
"Bachelor","High","Yes","Noisy",1.57,78.2,8.2,3.2,78.2,52,2,"No",0
"Bachelor","Medium","No","Moderate",1.8,71.9,6.29,2.2,86.4,79.3,2,"No",0
"Bachelor","Medium","Yes","Quiet",1.25,68.9,9.05,5.6,75.1,95.5,3,"No",0
"Bachelor","High","Yes","Quiet",2.06,85.7,7.2,0.8,58.2,50.4,1,"No",0
"High School","Medium","Yes","Quiet",0.5,97.2,6.92,3.9,95.9,66,2,"No",0
"High School","Low","Yes","Moderate",4.57,80,8.6,0.4,80.7,75.6,4,"No",0
"Bachelor","Medium","Yes","Moderate",2.17,76.3,7.49,1.7,82.2,100,2,"No",0
"High School","Medium","Yes","Quiet",1.97,78,4.96,2.3,67.6,67.5,1,"No",0
"High School","Medium","Yes","Quiet",2.75,79.7,7.47,5.1,74.4,66.3,2,"No",0
"PhD","Low","Yes","Noisy",2.21,72.5,6.83,4.6,90.3,76.4,0,"No",0
"High School","Low","Yes","Moderate",3.32,75.9,8.02,1,78.6,43.8,1,"Yes",0
"PhD","Medium","Yes","Quiet",2.94,69.1,4.93,2.5,92.7,62.2,2,"No",0
"High School","Medium","Yes","Moderate",3.22,71.4,5.09,2.1,56.3,67.6,1,"Yes",0
"Bachelor","Medium","Yes","Quiet",3.02,67.8,8.07,2.7,100,71.2,0,"No",0
"High School","High","Yes","Moderate",3.2,77,5.25,0.9,83.6,61.5,1,"No",0
"Bachelor","Medium","Yes","Noisy",1.82,95.5,6.37,1.6,82.5,72.7,2,"No",0
"High School","Medium","Yes","Quiet",2.1,84.1,7.39,0,79.8,57.3,2,"No",0
"Master","Low","Yes","Moderate",3.56,84.3,6.23,5.7,70.3,70.9,0,"No",0
"Bachelor","Low","Yes","Quiet",4.53,81.1,7.06,3,88.1,50.1,1,"No",0
"Bachelor","Low","Yes","Quiet",3.85,73,7.42,0.9,54.3,83.3,4,"No",0
"Bachelor","Low","Yes","Moderate",2.28,86.6,5.8,2.2,71.3,61.4,2,"No",0
"High School","Medium","Yes","Moderate",3.75,82.6,5.79,5.6,92.7,65.8,1,"No",0
"High School","Low","Yes","Moderate",2.16,88.8,6.54,4.4,84.3,78.6,2,"Yes",0
"High School","High","Yes","Quiet",3.59,82.3,6.69,1.9,83.6,45.3,1,"No",0
"High School","Medium","Yes","Noisy",3.17,82.6,7.9,0,69.8,88.7,1,"Yes",0
"Bachelor","High","No","Moderate",3.61,86.3,4.78,1.7,68.5,33.4,0,"No",0
"Bachelor","Low","Yes","Quiet",4.26,99.7,6.36,5.1,80.2,66.5,0,"No",0
"High School","Low","Yes","Noisy",1.1,80,5.79,1,62.9,78.9,3,"No",0
"Bachelor","Medium","Yes","Quiet",2.53,93.1,7.12,3.8,100,57.4,1,"Yes",0
"Master","Medium","Yes","Moderate",1.51,87.6,6.04,1.3,97.5,57.8,1,"Yes",0
"High School","Low","Yes","Moderate",0.5,91.3,7.69,6,86.1,76.7,1,"No",0
"Master","Medium","No","Quiet",2.51,82.9,9.05,2.7,58.6,81.7,1,"No",0
"Bachelor","Low","Yes","Quiet",1.56,95.2,6.65,1.7,80.2,89,2,"No",0
"High School","Low","Yes","Noisy",3.29,84.5,7.94,2.4,73.9,62.5,1,"No",0
"Bachelor","Medium","Yes","Moderate",1.19,89.2,7.15,0,88.9,68.6,1,"Yes",0
"Master","High","Yes","Moderate",4.72,86.3,6.97,4.2,61,57.8,3,"Yes",0
"Bachelor","Low","Yes","Moderate",1.44,80.3,7.44,1.5,100,56.4,1,"Yes",0
"Master","Medium","Yes","Moderate",1.29,86,6.29,0.5,86.6,60.7,5,"No",0
"High School","Medium","No","Quiet",2.42,81,8.19,1.9,71.8,78.3,1,"No",0
"High School","Medium","Yes","Moderate",1.6,86.3,7.23,4.9,45.6,77.2,3,"No",0
"Master","Low","Yes","Noisy",1.73,76.7,6.39,2.9,84.6,58.4,0,"No",0
"High School","Medium","Yes","Noisy",3.95,66.8,6.83,2.6,76.6,69.3,1,"Yes",0
"High School","Medium","Yes","Moderate",3.42,100,7.56,3,43.6,72.1,3,"No",0
"PhD","High","Yes","Quiet",1.46,80.6,5.74,0.9,80.4,27.1,2,"Yes",0
"High School","Low","Yes","Noisy",3.67,76,7.55,3.9,82,88.4,2,"Yes",0
"High School","Low","No","Quiet",2.43,85.5,8.49,0,84.8,51.4,4,"No",0
"PhD","Medium","Yes","Noisy",0.63,76.9,5.98,5.5,70.5,80.1,0,"No",0
"High School","High","Yes","Moderate",1.76,81.1,5.8,4.5,100,57.8,3,"No",0
"Bachelor","High","Yes","Quiet",2.89,86.8,7.24,4.3,56.4,89.7,5,"No",0
"High School","Low","Yes","Noisy",3.78,70.8,7.41,1.3,66.1,59.2,3,"No",0
"Bachelor","Medium","Yes","Quiet",1.97,75,7.17,2.7,59.7,72.4,0,"No",0
"Bachelor","Medium","Yes","Quiet",1.51,86.8,6.68,4.1,63.6,45.1,1,"Yes",0
"Master","Medium","Yes","Moderate",4.15,87.6,7.02,3.7,58.1,78.7,2,"No",0
"High School","Medium","No","Moderate",2.85,70.9,6.74,3.6,67.6,74.3,0,"No",0
"High School","Medium","Yes","Quiet",1.1,74.5,8.24,0.5,82.8,79.5,0,"No",0
"High School","Medium","Yes","Quiet",1.65,73.9,7.82,3,69.4,63.5,4,"No",0
"Bachelor","Medium","Yes","Moderate",3.23,85,5.77,2.4,77.5,71.2,4,"No",0
"Master","Low","Yes","Noisy",0.79,94.2,7.83,4.4,92.7,47,0,"Yes",0
"Bachelor","Medium","Yes","Moderate",0.7,89.7,7.25,3,100,75.4,4,"Yes",0
"Bachelor","Low","Yes","Noisy",3.14,79,8.41,3.4,93.9,70.1,2,"Yes",0
"High School","Low","Yes","Moderate",2.73,73.9,8.07,3.3,77.9,42.6,3,"No",0
"Master","High","Yes","Quiet",1.78,100,7.3,0.8,100,67.6,2,"No",0
"Bachelor","Medium","Yes","Noisy",3.58,67.8,6.12,4,87.7,51.3,3,"Yes",0
"Master","Medium","Yes","Noisy",2.71,64.7,6,2,66.8,61.1,4,"No",0
"Master","High","Yes","Moderate",1.32,81,7.08,5.6,82.4,85.1,1,"Yes",0
"Master","Medium","Yes","Moderate",1.34,89.9,7.11,5,100,40.1,1,"No",0
"High School","Medium","Yes","Noisy",3.48,85.2,5.92,3.8,68.4,42.6,5,"No",0
"High School","Low","Yes","Noisy",2.13,96.8,7.51,3,100,97.6,0,"Yes",0
"High School","Low","Yes","Quiet",2.98,72.9,6.56,4.5,75.2,65.1,0,"No",0
"Bachelor","Low","Yes","Noisy",3.19,74.3,7.3,4.2,58.1,56.2,1,"No",0
"Bachelor","High","Yes","Quiet",1.16,94.3,7.5,2,86.5,66.2,1,"No",0
"High School","Medium","Yes","Quiet",3.45,78,6.56,3.8,92.8,95.9,3,"No",0
"Bachelor","Low","Yes","Quiet",2.01,79.5,7.24,2.2,67.7,100,1,"No",0
"High School","High","Yes","Quiet",1.54,75,7.93,3.2,78,92.2,4,"No",0
"High School","Medium","Yes","Noisy",2.67,84.5,6.93,0,81.3,64.9,0,"Yes",0
"Bachelor","Medium","Yes","Quiet",1.37,77.7,6.46,1.5,73.9,93.8,3,"No",0
"High School","Low","Yes","Moderate",3,87.5,6.22,3.5,76,62.2,3,"Yes",0
"Master","Low","Yes","Noisy",2.6,70.3,6.98,3.4,71.5,51.9,3,"Yes",0
"High School","Low","Yes","Quiet",2.14,67.6,7.2,3.2,86.7,82,3,"No",0
"High School","Medium","Yes","Quiet",2.63,84,9.54,2.8,74.6,63.5,1,"No",0
"Bachelor","High","Yes","Noisy",1.91,84.4,5.4,3.7,84.4,71.3,2,"No",0
"High School","Low","Yes","Moderate",4.11,84.6,4.64,3.1,65.3,91.4,1,"No",0
"High School","Medium","Yes","Moderate",2.45,88.4,7.57,3.3,58.3,61.7,0,"No",0
"PhD","Low","Yes","Quiet",3.09,100,6.29,5.4,80.8,68.1,2,"Yes",0
"Bachelor","Medium","Yes","Noisy",3.41,90,7.88,4.6,98.9,90.5,2,"No",0
"Bachelor","Medium","No","Noisy",1.99,78.7,6.57,4.6,91.4,100,1,"No",0
"Bachelor","Medium","Yes","Noisy",2.93,85.3,6.11,5.8,100,75.2,2,"No",0
"Bachelor","Medium","No","Quiet",1.84,82.4,5.27,0.7,100,75.5,1,"Yes",0
"High School","Medium","Yes","Moderate",2.77,51.8,7.24,2.3,100,51.5,0,"No",0
"Master","High","Yes","Moderate",1.69,72.9,7.17,6.9,100,77.6,1,"No",0
"Bachelor","Medium","Yes","Moderate",1.71,86.3,6.83,3.6,65.7,64.1,1,"Yes",0
"Master","High","Yes","Moderate",4.32,69,7.74,4.6,65.3,77.2,3,"No",0
"Bachelor","Low","Yes","Moderate",3.29,83.2,6.07,1.9,78.9,69.4,0,"No",0
"Bachelor","High","Yes","Quiet",2.32,88.1,6.83,2.5,87.3,76.6,2,"No",0
"Bachelor","Medium","Yes","Quiet",2.81,90.2,6.29,2.9,77,67,1,"No",0
"High School","Medium","Yes","Moderate",2.83,71.7,6.93,3.5,63.8,51.5,0,"Yes",0
"High School","Medium","No","Noisy",1.01,88.5,7.51,4.3,84.8,67,0,"Yes",0
"High School","High","Yes","Moderate",2.69,100,5.9,5.5,90.7,47,2,"No",0
"PhD","Medium","Yes","Quiet",1.43,92.8,6.16,4.2,72.8,91.3,0,"No",0
"Master","Low","Yes","Noisy",4,79.4,8.02,1.2,100,61.1,2,"Yes",0
"Bachelor","Medium","Yes","Quiet",2.64,86.8,7.44,3.3,65.4,67,1,"No",0
"High School","Low","Yes","Noisy",3.18,67.8,6.44,4.3,66.2,64.6,2,"No",0
"PhD","Low","Yes","Quiet",3.52,94.6,6.39,2.2,67.9,59.9,2,"Yes",0
"High School","Medium","Yes","Quiet",2.53,78.7,6.67,2.5,73.9,57.7,4,"Yes",0
"High School","High","Yes","Quiet",2.08,87.4,7.02,3.5,97.1,64.3,1,"No",0
"High School","Medium","No","Moderate",1.9,100,5.92,4.1,64.5,64.9,1,"Yes",0
"High School","Medium","Yes","Quiet",2.52,84.3,5.72,4.1,99.1,58.2,6,"No",0
"Master","Low","Yes","Moderate",1.98,82.6,8.22,0,73.7,91.6,2,"No",0
"Master","Medium","Yes","Noisy",2.47,85,5.08,1.7,82.1,71.5,1,"Yes",0
"Master","Low","Yes","Moderate",3.78,100,6.03,2.8,54.4,68,0,"Yes",0
"High School","Medium","Yes","Moderate",1.8,74.1,6.39,1.7,66.7,63.1,2,"No",0
"High School","Low","Yes","Quiet",2.83,80.4,7.2,3.3,68,74,3,"No",0
"Bachelor","Medium","Yes","Noisy",0.5,96.1,7.45,4.5,65.9,73.5,1,"Yes",0
"High School","High","Yes","Moderate",1.21,86.6,6.96,3.1,82.8,59.2,1,"Yes",0
"Master","Medium","Yes","Moderate",2.89,83.9,6.7,0.6,94.8,71.8,4,"No",0
"Master","Medium","Yes","Moderate",1.93,69,5.93,2.9,95,60.5,1,"Yes",0
"PhD","High","Yes","Quiet",2.19,70.6,5.43,0.8,54.9,54.8,3,"Yes",0
"High School","Low","Yes","Noisy",2.85,80.4,5.65,4.5,69.1,72,2,"No",0
"High School","Medium","Yes","Quiet",3.66,85.6,5.94,5,80.5,57.3,1,"No",0
"High School","Medium","Yes","Noisy",2.32,93,5.87,2.2,87.1,52.9,1,"No",0
"High School","Medium","Yes","Quiet",0.5,83.5,6.28,2.6,95.9,44.1,3,"Yes",0
"High School","High","Yes","Noisy",2.82,100,5.64,2.4,86.3,72.2,1,"No",0
"High School","High","Yes","Moderate",1.47,85.2,7.47,6.2,69.3,73.2,0,"No",0
"Master","Medium","No","Moderate",3.25,88.9,6.31,0.7,74.1,31.6,1,"No",0
"Bachelor","Medium","Yes","Noisy",2.81,81.7,6.51,3,74.3,75,5,"No",0
"Bachelor","Low","Yes","Moderate",2.7,79.8,5.31,1.1,69.1,55.7,2,"No",0
"High School","Medium","Yes","Moderate",2.33,79.7,7.42,0,62.8,42.2,1,"No",0
"Master","Low","Yes","Noisy",2.38,87.7,7.55,2.9,93.4,46,1,"No",0
"High School","Medium","Yes","Quiet",2.32,81.4,6.34,0.6,81.8,63.3,2,"No",0
"High School","Medium","No","Quiet",2.65,73.1,7.28,3.1,65.5,55.3,1,"Yes",0
"Master","Medium","Yes","Noisy",2.59,82.8,6.3,0.9,100,44.9,3,"Yes",0
"Master","Medium","Yes","Moderate",2.11,87.3,6.71,2.1,100,57.8,2,"No",0
"High School","Medium","Yes","Quiet",0.5,86.5,6.95,4.8,88.7,65.7,1,"Yes",0
"High School","Medium","Yes","Quiet",4.23,100,7.96,4.5,96.2,30.4,3,"No",0
"Master","Medium","Yes","Quiet",3.99,90.7,5.84,3.8,83.9,76.4,2,"Yes",0
"Master","Medium","Yes","Quiet",2.41,75.9,6.96,2.3,84.4,99.4,0,"No",0
"PhD","Medium","Yes","Moderate",3.51,98.4,6.49,1.7,45.8,82.8,5,"Yes",0
"High School","Low","Yes","Quiet",2.73,79.7,6.29,3.2,90.3,94.2,5,"Yes",0
"High School","High","Yes","Noisy",0.5,80.8,7.36,3.2,51.3,78.9,0,"No",0
"Bachelor","Low","Yes","Moderate",4.11,65.1,4.45,2.8,84.1,51.7,4,"No",0
"Bachelor","Medium","Yes","Quiet",2.61,81.8,8.09,0.8,72.1,71.7,0,"No",0
"High School","Medium","No","Quiet",2.71,71.9,6.41,4.3,85.7,97.3,5,"No",0
"Bachelor","Low","Yes","Quiet",2.89,89.1,6.13,1,90.6,83.5,4,"No",0
"High School","Medium","Yes","Quiet",1.7,82.7,7.13,5.1,70.6,83.9,1,"No",0
"Master","Medium","No","Quiet",2.99,82,6.65,0,93.2,76.7,1,"No",0
"Bachelor","Low","Yes","Moderate",1.17,77.7,6.96,2.2,62,67,1,"Yes",0
"Bachelor","Medium","Yes","Moderate",2.68,72.9,7.91,3.8,71.5,85.7,1,"No",0
"Master","High","Yes","Moderate",2.13,100,7.15,4.6,73.6,82.3,1,"No",0
"Bachelor","Low","No","Moderate",2.52,83.2,6.19,5,83.8,56.9,5,"No",0
"High School","High","Yes","Moderate",2.25,83.6,10,3.9,70.8,56.8,3,"No",0
"Bachelor","Medium","Yes","Quiet",2.07,84,8.52,3.4,100,83,1,"Yes",0
"Master","Low","Yes","Moderate",2.21,77.2,7.72,1.5,75.5,53.3,3,"No",0
"Bachelor","Medium","Yes","Moderate",1.05,84.1,6.17,1.2,84,70.3,3,"No",0
"High School","Medium","Yes","Quiet",1.5,95.5,6.08,1.2,71.3,75.6,0,"No",0
"Bachelor","Low","Yes","Quiet",2.28,71.1,7.14,1.5,89.5,54,2,"No",0
"Bachelor","Medium","Yes","Quiet",2.89,84.9,4,1.1,75,77.7,1,"No",0
"High School","Medium","Yes","Noisy",1.9,74.4,6.32,3.2,100,81.6,2,"No",0
"Master","Medium","Yes","Noisy",1.93,68.3,8.15,2.4,63.7,70.9,2,"No",0
"High School","Medium","Yes","Noisy",1.73,82,6.09,3.9,96.2,98,1,"No",0
"Bachelor","High","Yes","Noisy",2.88,71.3,7.5,5.8,82.8,90.5,1,"Yes",0
"Bachelor","Low","Yes","Moderate",1.65,73.2,5.95,6,100,66.3,0,"No",0
"Bachelor","Medium","Yes","Moderate",3.64,81.4,5.45,3.6,72.6,57.2,0,"Yes",0
"Bachelor","High","Yes","Moderate",1.44,96.2,5.38,1.4,73.7,59.5,1,"Yes",0
"Bachelor","High","Yes","Moderate",4.34,83.6,8.08,6.5,71.9,70.9,2,"No",0
"High School","Medium","Yes","Noisy",2.75,78.7,7.63,3.4,83.3,49.9,3,"Yes",0
"High School","Medium","No","Quiet",3.18,76,7.04,3.1,86.7,55.1,0,"No",0
"High School","High","No","Noisy",2.89,95.6,8.21,1.9,64.2,47.5,4,"No",0
"Bachelor","Medium","Yes","Quiet",1.33,72.8,6.5,5.3,80.4,63.3,1,"No",0
"High School","Low","Yes","Moderate",4.04,95.6,7.07,3,96.4,72.6,1,"No",0
"High School","Medium","Yes","Noisy",3.58,90.3,6.94,4.1,76.3,83.4,2,"Yes",0
"Bachelor","Low","Yes","Quiet",1.16,84.9,8.26,4.5,100,77.6,3,"Yes",0
"Master","Low","Yes","Moderate",1.14,95.5,6.47,4.2,95,73.3,1,"Yes",0
"High School","Medium","Yes","Quiet",2.2,89.8,6.4,3.2,67.3,65.9,2,"No",0
"Bachelor","Medium","Yes","Moderate",3.27,97.8,6.71,3.9,81.6,84.4,1,"No",0
"High School","Medium","Yes","Noisy",3.29,68.6,6.42,0,95.5,46.4,2,"No",0
"High School","Medium","Yes","Quiet",2.04,76.9,7.1,1.7,88.3,73,2,"No",0
"High School","Medium","Yes","Quiet",2.39,92.2,7.14,2.4,69.7,50.6,2,"Yes",0
"High School","Medium","Yes","Noisy",3.6,76,6.37,2.8,86.8,56.8,2,"No",0
"High School","Medium","Yes","Moderate",2.62,82,7.57,2.9,73.1,76.7,0,"No",0
"Bachelor","Medium","Yes","Moderate",2.51,95.9,5.9,0.5,100,73.6,2,"Yes",0
"High School","Medium","Yes","Moderate",3.09,82.9,7.98,2.9,46.4,40.8,3,"No",0
"Bachelor","Low","Yes","Quiet",2.61,75.6,7.11,3.1,66.1,93,0,"Yes",0
"Bachelor","Medium","Yes","Quiet",2.81,93.2,6.77,4.3,50,68.3,2,"Yes",0
"High School","Medium","Yes","Quiet",3.6,81,8.29,1.2,64.1,78.8,0,"No",0
"Bachelor","Medium","Yes","Quiet",1.35,89.4,6.75,3.1,99.4,95.8,3,"No",0
"Master","Medium","Yes","Noisy",2.03,89.2,7.83,3.4,63.4,53.8,2,"No",0
"PhD","Low","No","Quiet",2.49,80,7.26,4.5,96.1,52.7,1,"No",0
"High School","Medium","Yes","Quiet",2.09,91.1,7.92,5.7,62.5,68.7,3,"No",0
"PhD","Medium","Yes","Noisy",3.84,64.4,6.55,2.8,57.2,40.7,1,"No",0
"Bachelor","Medium","No","Quiet",4.53,89.8,6.91,4.3,85.3,40.9,5,"Yes",0
"Bachelor","Low","Yes","Quiet",3.82,85.3,9.17,1.3,71.3,75.3,1,"No",0
"Master","Medium","Yes","Quiet",2.53,78.1,8.69,0.2,86.8,96.5,2,"Yes",0
"High School","High","Yes","Quiet",3.31,100,5.94,0,96.8,82.9,2,"No",0
"Bachelor","Low","Yes","Quiet",1.42,93.5,7.03,1,87.3,60.7,3,"No",0
"PhD","Low","Yes","Noisy",1.96,95.7,7.06,4.4,77.5,52.6,2,"No",0
"Bachelor","Low","Yes","Quiet",0.91,81.6,7.02,2.7,76.3,77.9,2,"Yes",0
"Bachelor","Medium","Yes","Moderate",3.22,75.8,8.6,2.6,50.4,45.6,4,"No",0
"Master","Low","No","Noisy",3.28,89.2,7.12,4.6,92.1,74.4,4,"No",0
"Bachelor","Medium","Yes","Quiet",3.48,77.4,7.49,0.9,45.7,40.3,1,"No",0
"Master","Medium","Yes","Moderate",2.07,96.9,6.59,1.3,72.2,67.3,1,"No",0
"Master","Medium","Yes","Moderate",2.02,89.8,6.79,0.7,73.4,77,4,"No",0
"Bachelor","Medium","Yes","Quiet",0.5,79.3,8.66,7,69.8,53.7,0,"No",0
"Bachelor","Low","Yes","Moderate",1.65,81.1,6.19,2.4,79.9,59.3,2,"No",0
"PhD","Low","Yes","Noisy",1.41,98.5,6.81,1.3,76.5,58.7,3,"No",0
"High School","Medium","Yes","Quiet",1.8,98.3,8.25,6.5,47.6,30.8,2,"No",0
"Bachelor","Low","Yes","Noisy",1.37,81.4,6.11,0.7,100,60.9,1,"No",0
"PhD","Medium","Yes","Moderate",2.54,73.6,6.69,2.8,76.7,70,1,"No",0
"Bachelor","High","No","Moderate",0.5,79.4,5.82,2.8,75.1,100,2,"Yes",0
"High School","Low","No","Quiet",2.73,77.7,7.88,4.8,82.6,92.1,3,"Yes",0
"Bachelor","Medium","Yes","Noisy",5.4,93.6,7.33,3.3,81.8,61.1,0,"Yes",0
"Bachelor","Medium","Yes","Quiet",1.99,94,6.11,2.9,75.1,61.6,1,"No",0
"Bachelor","Low","Yes","Moderate",0.98,81.8,6.92,0.4,61.8,51.3,1,"No",0
"High School","Medium","Yes","Quiet",2.8,86.3,5.66,3.6,56.9,98.2,1,"No",0
"High School","Low","Yes","Quiet",4.44,77.2,5.08,1.6,58.9,61.2,2,"No",0
"High School","Medium","Yes","Noisy",3.28,82,7.18,1.2,75.3,85,2,"No",0
"High School","Low","No","Quiet",2.51,82.5,7.17,3.6,100,46.3,3,"Yes",0
"Master","Low","Yes","Moderate",1.41,81.8,6.17,0.3,80.3,64,1,"Yes",0
"High School","Low","Yes","Quiet",3.34,82.4,7.19,3.4,61.4,61.7,3,"No",0
"High School","Low","Yes","Moderate",1.02,100,5.28,2.8,77.9,85.7,3,"No",0
"High School","Medium","Yes","Noisy",1.27,80.4,6.64,3.5,83.8,79.9,0,"No",0
"High School","Medium","Yes","Quiet",2.41,82.3,7.12,5,79.4,64.4,3,"Yes",0
"Master","Medium","Yes","Moderate",3.25,83.2,6.67,2.2,77.9,47.3,4,"Yes",0
"High School","Medium","Yes","Noisy",0.62,95.2,7.76,1.5,56.3,79.8,3,"Yes",0
"Master","High","Yes","Quiet",2.64,92.9,9.34,4.4,70.7,67.6,2,"No",0
"High School","Medium","Yes","Moderate",1.85,86.1,7.59,1.2,88.6,70.1,1,"No",0
"High School","Medium","Yes","Moderate",1.84,75.7,8.64,2.3,100,83.3,4,"No",0
"High School","Medium","Yes","Moderate",1.43,82.3,6.54,5,67.8,45.6,1,"No",0
"Bachelor","Medium","Yes","Quiet",2.47,80.6,7.12,0,81.7,58.3,2,"No",0
"Bachelor","Medium","Yes","Noisy",1.95,73.1,7.45,0.6,81.7,57.8,3,"No",0
"Master","Low","Yes","Moderate",2.64,56.3,4.98,1.9,87.5,55.6,3,"No",0
"High School","High","Yes","Moderate",3.38,73.2,7.25,4.8,70.2,93.5,4,"Yes",0
"Master","Low","Yes","Moderate",2.86,100,7.29,2.1,87.5,89.6,4,"Yes",0
"Bachelor","High","Yes","Quiet",2.76,95.5,5.02,2.9,85.4,71.6,1,"No",0
"Bachelor","Medium","Yes","Moderate",2.38,74.3,5.65,5.9,63.1,38.1,1,"No",0
"Bachelor","High","Yes","Moderate",2.97,78.1,7.65,2,58.4,58.8,0,"No",0
"Bachelor","Low","Yes","Quiet",1.97,76.4,7.9,1.1,50.9,93.2,3,"No",0
"Bachelor","High","Yes","Quiet",3.23,75,6.44,3.5,40,81.9,0,"No",0
"High School","Low","Yes","Quiet",1.53,89.7,6.14,2,85.1,71.8,2,"No",0
"High School","Medium","Yes","Quiet",3.2,95.7,8.8,5.6,69.1,73.2,2,"No",0
"Bachelor","Medium","Yes","Moderate",1.81,79.4,6.25,1.3,84.8,64,0,"No",0
"Bachelor","High","No","Noisy",4.04,78.9,6.11,4.9,89.3,65.1,2,"No",0
"High School","Low","Yes","Quiet",2.93,83.6,6.77,2.6,97.4,50.2,1,"Yes",0
"High School","High","Yes","Noisy",2.57,80.8,5.92,0.9,81.8,93.7,2,"Yes",0
"PhD","Medium","Yes","Moderate",1.8,81.4,6.8,2.5,87.3,74,5,"Yes",0
"Master","Low","Yes","Noisy",2.15,73.5,8.87,4.7,74.8,54.2,3,"No",0
"Bachelor","Low","Yes","Moderate",1.52,90.2,6.37,3.1,100,100,1,"Yes",0
"High School","Low","Yes","Quiet",1.22,85.4,7.56,2.3,87.4,67.7,1,"Yes",0
"High School","High","Yes","Noisy",2.29,95.6,8.09,4.7,76.5,80.9,2,"Yes",0
"High School","Medium","Yes","Quiet",2.38,73.4,9.12,1.7,84,100,1,"Yes",0
"High School","Medium","Yes","Quiet",1.93,97.1,8.18,3.6,96.4,58.4,0,"No",0
"High School","Medium","Yes","Quiet",1.39,82,6.81,0.8,59.4,68.8,1,"No",0
"Bachelor","High","Yes","Moderate",2.92,96.7,8.13,1.9,77.6,79.4,2,"No",0
"Master","Low","Yes","Noisy",3.13,85.8,8.25,2,76.3,68.1,2,"Yes",0
"Bachelor","Medium","Yes","Quiet",3.4,84.2,7.7,1.1,58.9,57.2,0,"No",0
"Master","High","Yes","Quiet",0.5,92.9,7.1,4.2,68.1,52.5,1,"No",0
"Master","Medium","Yes","Moderate",2.47,97.9,6.9,4.2,48.5,40.3,3,"No",0
"Master","Medium","Yes","Quiet",2.84,91.2,6.11,1.6,95.7,48.8,2,"No",0
"High School","Medium","Yes","Quiet",1.12,88.6,9.49,3.4,49.3,61.8,2,"No",0
"High School","Low","Yes","Moderate",2.75,88.1,8.43,5,80.5,55.2,3,"No",0
"High School","High","Yes","Moderate",3.31,84.6,5.8,3.9,85,79.4,2,"No",0
"High School","High","Yes","Moderate",3.32,89.1,6.91,4.2,100,57.1,0,"No",0
"High School","Low","Yes","Moderate",1.79,81.3,7.34,2.2,83.6,95.9,2,"No",0
"PhD","Medium","Yes","Moderate",3.44,80.3,9.24,1.6,72.8,51.6,3,"Yes",0
"High School","Low","Yes","Quiet",4.2,84.2,5.64,4.2,90.5,44.7,2,"No",0
"Master","High","Yes","Noisy",0.5,85.9,7.39,0,54.7,78.9,4,"Yes",0
"Bachelor","Medium","Yes","Quiet",0.5,90.8,6.16,2,74.3,82.2,4,"Yes",0
"High School","High","Yes","Moderate",3.72,70,6.12,3.4,53.6,79.6,1,"Yes",0
"Bachelor","Medium","Yes","Moderate",4.52,65.4,5.54,4,63.3,42.3,2,"Yes",0
"Bachelor","High","Yes","Moderate",2.88,79.4,6.16,3.2,66.2,86.7,1,"No",0
"Master","Medium","No","Quiet",0.5,76.2,6.3,3.8,62,50.3,1,"No",0
"Bachelor","Low","Yes","Moderate",3.27,94.5,6.47,4.1,49.7,85,4,"No",0
"High School","Medium","Yes","Moderate",0.76,74.2,8.01,3.9,98,91.9,2,"No",0
"PhD","Medium","Yes","Moderate",5.46,100,5.74,5.4,79.6,66.1,1,"No",0
"Master","Medium","No","Moderate",0.94,95.7,6.29,4.1,94.8,71.3,2,"Yes",0
"Bachelor","Medium","Yes","Noisy",3.63,80.1,4.54,1.7,57.7,70.2,5,"No",0
"High School","Medium","Yes","Noisy",2.82,78.2,7.15,0,100,62,0,"No",0
"Master","Medium","Yes","Moderate",3.89,87.4,5.41,3.1,54.6,69.6,1,"No",0
"High School","Medium","Yes","Quiet",3.41,71.9,7.66,1.7,84.6,78.2,2,"No",0
"High School","Medium","No","Quiet",3.25,86.3,6.58,2.2,79.1,67.2,2,"No",0
"High School","Medium","Yes","Quiet",1.45,87.8,7.57,2.9,70,100,5,"Yes",0
"Master","Medium","Yes","Moderate",3.77,81.1,7.13,4.6,73.9,82.5,2,"Yes",0
"High School","Low","Yes","Quiet",2.19,71.4,7.48,0,79.2,92.6,2,"No",0
"High School","Medium","Yes","Noisy",2.25,94.9,7.88,3.8,83.4,83.9,4,"No",0
"High School","Low","Yes","Moderate",1.91,92,7.88,2.7,71,78.6,2,"Yes",0
"Bachelor","Low","Yes","Quiet",4.1,80,5.54,2.6,79.5,74.6,1,"Yes",0
"Bachelor","Medium","Yes","Noisy",3.98,71.8,5.06,3.7,79.4,55,1,"Yes",0
"PhD","Low","Yes","Quiet",2.45,83.6,7.15,3.5,69.8,100,1,"Yes",0
"Bachelor","Medium","Yes","Moderate",2.06,100,6.77,4.9,87.4,48.4,1,"No",0
"High School","High","No","Noisy",3.79,75.6,6.99,3.2,100,67.3,2,"Yes",0
"Master","Low","Yes","Moderate",1.4,88.8,6.69,2.7,81.8,67.2,1,"No",0
"Bachelor","Low","Yes","Quiet",2.51,67.5,7.25,2.8,74.6,77.6,2,"Yes",0
"Bachelor","Medium","Yes","Noisy",3.3,87.2,7.27,1.6,79.6,78.6,2,"No",0
"High School","Low","Yes","Noisy",2.61,78.1,4.98,0,100,74.9,2,"No",0
"High School","Medium","Yes","Quiet",3.23,57.5,7.92,1.9,64.3,69.5,3,"No",0
"Master","Medium","Yes","Noisy",2.15,89.1,8.81,2.2,100,50.5,3,"No",0
"High School","Medium","Yes","Quiet",0.5,79.6,7.21,3.6,76.6,66.6,1,"Yes",0
"High School","Medium","Yes","Moderate",3.79,90.6,7.05,1.5,66.8,85.6,4,"No",0
"Bachelor","Low","Yes","Quiet",1.82,87.7,7.44,3.8,100,61.9,1,"Yes",0
"Bachelor","Low","Yes","Quiet",1.58,84.9,8.48,5.3,69.6,66.5,2,"No",0
"High School","Medium","Yes","Moderate",3.03,90.6,6.33,1.3,88.4,51.5,0,"No",0
"Bachelor","Medium","Yes","Quiet",1.56,78.1,7.79,3.4,77.3,62,2,"No",0
"High School","Low","No","Noisy",3.63,63,6.73,3.7,53.2,65.5,2,"Yes",0
"Bachelor","Low","Yes","Noisy",2.37,91,6.59,3.8,88.7,69.3,2,"No",0
"Master","Medium","Yes","Quiet",1.9,89.7,7.86,5.1,78.4,71.4,1,"No",0
"High School","Medium","Yes","Moderate",2.39,81.5,8.66,1.8,79.9,73.3,2,"Yes",0
"Bachelor","Medium","Yes","Quiet",2.79,100,5.19,1.4,73.8,60.6,0,"No",0
"Bachelor","Medium","Yes","Quiet",2.62,96.9,8.35,0.1,59.1,81.7,1,"No",0
"Master","Medium","No","Moderate",1.29,97.3,7.02,3.1,100,69,1,"No",0
"Master","Medium","Yes","Moderate",3.07,81.2,7.14,1.5,87.2,73.8,4,"No",0
"Bachelor","Medium","Yes","Moderate",2.43,100,7.35,2.5,63.2,82.1,0,"No",0
"Master","Medium","Yes","Moderate",0.88,77.8,5.13,3.5,58.1,75,2,"No",0
"Master","Medium","Yes","Noisy",3.43,97.3,6.39,0.4,86.8,54.9,5,"Yes",0
"High School","Low","Yes","Moderate",2.28,84.1,6.2,2,78.3,68.9,5,"No",0
"High School","Medium","Yes","Quiet",2.56,81.3,6.28,5.3,100,83.6,5,"No",0
"Master","Low","Yes","Quiet",2.84,94,7.49,0.7,81.1,54.8,1,"No",0
"Bachelor","Medium","Yes","Quiet",1.34,86.4,8.75,1.8,66.5,44.3,0,"No",0
"High School","Medium","No","Quiet",2.1,97.8,8.52,2.4,69.6,78.3,4,"No",0
"High School","Low","Yes","Moderate",3.65,83.7,6.96,2.6,79.1,63.3,2,"Yes",0
"Bachelor","High","Yes","Quiet",3.94,84.1,8.35,3,88.9,59.7,1,"No",0
"Bachelor","Low","Yes","Noisy",2.04,92.7,5.84,2.3,70.4,79.8,4,"No",0
"Bachelor","Medium","Yes","Quiet",3.28,50.9,7.77,3.3,96.3,45.4,5,"No",0
"Bachelor","Medium","Yes","Quiet",3.01,100,6.51,2.2,82.9,80.7,4,"Yes",0
"High School","Medium","Yes","Moderate",2.39,85.6,7.58,4,75.5,57.9,0,"Yes",0
"Master","Medium","Yes","Quiet",3.4,98.3,5.32,3.2,55.6,58.3,6,"Yes",0
"High School","High","Yes","Moderate",1.76,73.9,5.62,1.5,67.3,75.8,2,"No",0
"High School","High","Yes","Moderate",1.53,86.3,7.51,1.1,61.9,98.6,2,"No",0
"Bachelor","Low","Yes","Noisy",2.27,76.3,8.11,1.3,85.4,50.5,3,"Yes",0
"Master","Low","Yes","Quiet",1.63,75.8,7.12,3.1,70.7,70.1,0,"No",0
"Bachelor","Low","Yes","Quiet",2.7,57.1,6.13,1.1,84.5,73.1,2,"No",0
"PhD","Medium","Yes","Quiet",2.98,79.1,7.15,1.9,58.1,58.7,0,"No",0
"Master","Low","Yes","Quiet",0.5,83.4,8.53,2.4,59.2,69.5,1,"No",0
"Bachelor","Medium","Yes","Moderate",3.42,69.5,6.47,2.3,81.4,57.4,3,"Yes",0
"Bachelor","Medium","Yes","Moderate",1.84,70,6.89,4.5,91.1,63.6,4,"No",0
"Master","Medium","Yes","Quiet",2.45,72.9,6.55,2.2,87.5,54.4,4,"No",0
"Master","Medium","Yes","Moderate",2.53,97,7.99,3.2,84.8,57.3,1,"No",0
"Master","Medium","Yes","Quiet",2.7,86.5,4.95,1.2,75,79.8,1,"Yes",0
"High School","Low","Yes","Quiet",1.55,77.7,7.42,1.3,68.8,66.7,4,"Yes",0
"Master","High","Yes","Noisy",3.01,82,8.75,3.9,74.9,91.3,6,"Yes",0
"High School","Low","Yes","Noisy",3.2,99.9,8.53,2,75.6,51.7,2,"Yes",0
"Bachelor","Medium","Yes","Quiet",2.67,83.2,8.87,3.2,87.2,51,1,"No",0
"Bachelor","High","Yes","Noisy",3.78,84.5,5.68,1.9,84.9,67.6,1,"Yes",0
"High School","Low","Yes","Quiet",2.11,78.4,6.3,5.4,74.4,55.7,2,"Yes",0
"High School","Medium","Yes","Quiet",0.5,96,7.42,5.4,100,50.4,1,"No",0
"Master","High","Yes","Moderate",1.58,70.5,8.39,1,84.8,81.9,4,"Yes",0
"Bachelor","High","Yes","Quiet",0.76,85.9,7.9,3,74.1,93.1,0,"No",0
"High School","Low","No","Moderate",3.51,100,6.25,1.9,84.8,74.1,3,"No",0
"High School","Medium","Yes","Moderate",3.48,77.3,7.2,0.5,91,29.6,1,"No",0
"Bachelor","Low","Yes","Moderate",2.57,93.4,7.94,2.4,47.8,63.1,3,"Yes",0
"Bachelor","Medium","Yes","Noisy",2.16,67.8,6.95,1.7,50.5,83.3,4,"Yes",0
"Master","High","No","Noisy",3.5,90.6,5.75,3.3,77.3,68.8,1,"No",0
"Bachelor","Medium","Yes","Quiet",3.56,83.2,8.7,1.6,90.4,70.4,1,"Yes",0
"Master","Medium","Yes","Noisy",4.33,86.6,7.04,1.9,83,81.5,4,"No",0
"PhD","Medium","No","Quiet",3.66,70.9,6.71,2.5,40,73.3,1,"No",0
"Bachelor","Medium","Yes","Quiet",1,78.5,6.79,4.5,100,72.5,2,"No",0
"High School","Medium","No","Noisy",2.58,79.7,7.92,3.2,100,86.3,3,"No",0
"Master","Low","Yes","Quiet",2.35,85.6,7.96,3.2,100,47.3,2,"No",0
"Master","Medium","Yes","Quiet",3.19,79.9,8.78,1.6,100,60.8,2,"No",0
"Bachelor","High","Yes","Moderate",1.48,93.1,6.71,1.7,78.2,70.5,2,"No",0
"High School","Medium","Yes","Quiet",1.49,82.6,7.44,0,76.9,65.2,1,"No",0
"High School","Medium","Yes","Quiet",2.81,76.2,6.73,3.5,85.9,46.9,2,"No",0
"High School","Medium","Yes","Moderate",2.78,69.4,5.16,2,70,82.1,4,"No",0
"Bachelor","Medium","Yes","Quiet",0.5,79.8,5.02,0.2,91.3,48.6,1,"No",0
"High School","High","Yes","Moderate",1.32,83.2,6.95,1.1,86.5,94.4,1,"No",0
"Bachelor","Medium","No","Noisy",4.18,84.2,6.61,6.7,63.6,62.7,2,"No",0
"Bachelor","Medium","Yes","Quiet",2.02,92.9,7.26,2,77.5,83,1,"No",0
"Bachelor","Low","Yes","Moderate",2.66,92.5,6.73,1.3,73.4,60.9,2,"No",0
"Bachelor","Medium","Yes","Moderate",0.72,76.7,7.33,1.8,51.7,65.6,2,"No",0
"Master","Medium","No","Moderate",3.81,91.5,6.34,3.6,72,58,3,"Yes",0
"High School","Low","Yes","Quiet",2.51,100,5.8,2.8,55.4,79.9,1,"No",0
"High School","High","Yes","Quiet",3.73,74.2,7.09,0.7,53.5,55,2,"No",0
"Master","High","Yes","Noisy",1.72,100,6.25,5.7,89.4,75.1,3,"Yes",0
"Master","Medium","Yes","Moderate",1.4,85.3,8.05,3.3,88.8,88.6,1,"Yes",0
"High School","Low","No","Moderate",2.83,72.7,7.85,0,70.9,71.2,1,"No",0
"Bachelor","High","Yes","Quiet",3.39,90.1,6.09,4.3,78.5,96.7,2,"No",0
"High School","Low","Yes","Moderate",2.52,73.3,7.55,2.2,40,73.9,3,"No",0
"High School","Low","Yes","Quiet",1.8,90.5,7.72,4.6,83.6,76.4,2,"No",0
"High School","Medium","Yes","Noisy",2.18,87.2,6.23,2.1,55.7,89.1,1,"Yes",0
"Bachelor","Low","Yes","Noisy",0.77,91.6,5.63,3,73,41,0,"No",0
"Bachelor","Medium","Yes","Moderate",3.03,85.4,7.51,1.3,88.9,61.1,2,"Yes",0
"Bachelor","Low","Yes","Moderate",3.51,74.2,6.94,1.7,86.5,91,4,"Yes",0
"Master","High","Yes","Quiet",4.21,76.9,5.51,4.3,73.5,75.4,2,"No",0
"Master","Low","Yes","Quiet",2.2,78.9,7.35,1.5,91.9,63.6,3,"Yes",0
"Master","Medium","No","Quiet",0.84,90.1,5.84,1.6,81,83.9,1,"Yes",0
"High School","Low","Yes","Quiet",2.39,89.1,6.96,2.7,100,96.6,3,"No",0
"PhD","Low","No","Noisy",0.87,76,8.5,3.7,100,55.4,1,"Yes",0
"High School","Medium","Yes","Moderate",2.58,76.5,6.32,1.7,67.9,100,0,"Yes",0
"High School","Medium","Yes","Moderate",1.67,85.4,7.49,2.7,56.2,59.9,5,"Yes",0
"Bachelor","Low","Yes","Noisy",2.72,77,7.71,4.1,75.2,51,2,"No",0
"Bachelor","High","Yes","Quiet",1.16,72.1,7.85,0.1,83.4,74.8,1,"Yes",0
"High School","Medium","Yes","Quiet",2.52,97.5,8.56,6.5,87,82.8,1,"No",0
"Bachelor","Medium","Yes","Moderate",3.14,75.2,6.45,4.8,75.3,78.4,1,"No",0
"High School","Low","Yes","Moderate",2.39,94.6,7.77,3.9,85.9,72.2,0,"No",0
"High School","Medium","Yes","Noisy",2.9,73.7,6.59,1.3,86.4,100,0,"No",0
"Bachelor","Medium","Yes","Quiet",4.42,76.3,7.48,3.8,72.1,84.3,2,"Yes",0
"Bachelor","Medium","Yes","Quiet",2.31,73.6,7.74,4.4,65.1,65.1,2,"Yes",0
"Bachelor","Medium","No","Moderate",2.73,94.8,7.6,5.3,100,57.9,3,"No",0
"Bachelor","Medium","Yes","Quiet",3.46,69.1,5.04,0,77.8,29.2,3,"Yes",0
"Master","High","Yes","Noisy",1.02,100,6.88,1.3,90.9,78.2,1,"No",0
"Master","Medium","Yes","Moderate",1.87,84.6,7.38,0.4,100,62.6,2,"Yes",0
"High School","Medium","Yes","Moderate",3.05,64.7,7.29,1.9,88.2,58.7,4,"No",0
"Master","High","Yes","Moderate",1.92,77.4,4.96,3.1,76,76.6,2,"No",0
"Master","Medium","Yes","Moderate",2.82,87.9,6.11,0.6,74.7,61.6,0,"No",0
"Master","Low","Yes","Quiet",1.84,84.3,5.83,5.2,69,74.4,2,"No",0
"Bachelor","Medium","Yes","Noisy",2.16,84.1,7.38,3,64.3,86.1,1,"No",0
"High School","Low","No","Moderate",2.32,88.8,8.32,3.7,65,59.3,1,"Yes",0
"PhD","Medium","Yes","Moderate",2.58,73.6,7.57,3.4,75,70.7,4,"No",0
"High School","Medium","Yes","Quiet",3.56,90,6.14,3,85.7,91.5,3,"Yes",0
"Bachelor","Medium","Yes","Moderate",2.41,75.9,7.44,1.7,79.6,41.1,3,"No",0
"Master","Medium","Yes","Noisy",3.32,84.1,6.26,4.9,76.1,62.5,2,"No",0
"Bachelor","Medium","Yes","Noisy",1.12,69.3,5.3,2.6,62.9,52,2,"Yes",0
"Bachelor","Medium","Yes","Quiet",2.2,84.1,8.55,0.4,86.8,56.5,3,"Yes",0
"High School","Medium","No","Moderate",4.14,64.9,5.67,3.8,100,62.6,3,"No",0
"Bachelor","High","Yes","Noisy",1.83,69.2,8.15,0.4,98.8,85.1,0,"No",0
"High School","Medium","Yes","Quiet",0.5,94.3,8.68,2.1,81.8,58.9,1,"No",0
"High School","Medium","No","Quiet",3.45,77.3,6.44,5.6,100,33.4,2,"No",0
"High School","Medium","Yes","Quiet",4.49,58.3,6.84,2.9,93,52.1,1,"Yes",0
"Bachelor","Medium","Yes","Moderate",2.79,95.7,8.16,3.6,79.9,68.9,3,"Yes",0
"High School","Low","Yes","Quiet",3,82,7.74,4.2,76,57.9,1,"No",0
"High School","Low","Yes","Noisy",3.72,86.5,6.03,2.8,70.4,85.7,5,"No",0
"Master","Medium","No","Noisy",1.85,79.9,8.01,0.4,81.6,37.7,1,"No",0
"Master","Medium","Yes","Noisy",1.61,70.8,6.83,0.9,57.9,76.8,3,"No",0
"Bachelor","Low","Yes","Quiet",1.87,92.1,5.42,3.7,66.8,54.9,0,"Yes",0
"Bachelor","Medium","Yes","Quiet",1.03,83.7,7.2,2.3,88.9,65.9,1,"No",0
"High School","Medium","Yes","Moderate",2.51,84.5,6.5,1.4,73.1,66.5,0,"No",0
"Bachelor","Medium","Yes","Noisy",4,100,7.59,2.7,82.1,77.3,5,"No",0
"Bachelor","Low","Yes","Quiet",4.32,84,8.23,3.1,68.4,41.4,3,"No",0
"High School","Medium","No","Quiet",1.19,73.8,7.72,3.7,55.3,55.5,1,"No",0
"High School","Low","Yes","Quiet",2.65,88.3,5.23,3.2,48,89.3,1,"No",0
"High School","High","Yes","Noisy",3.07,80.3,6.56,3.2,94,51.6,2,"No",0
"High School","Medium","Yes","Noisy",1.71,96.3,7.9,4.9,87.1,68.1,4,"Yes",0
"High School","Medium","Yes","Moderate",3.34,100,7.03,3.2,88.5,39.3,5,"No",0
"High School","Medium","Yes","Moderate",2.91,79.5,8.09,2.6,79.2,79.1,2,"Yes",0
"Bachelor","Medium","Yes","Quiet",3.42,82.8,5.84,1.9,85.9,62.2,3,"No",0
"Bachelor","Medium","Yes","Moderate",2.02,95,8.9,2.7,71.3,58.9,1,"No",0
"Master","Low","No","Moderate",2.98,86.4,7.81,2.8,92.6,65.6,0,"Yes",0
"Bachelor","Low","Yes","Moderate",2.71,73.2,6.11,4.7,79.3,81.3,5,"Yes",0
"Master","Medium","Yes","Moderate",1.09,80.4,6.34,2,52,74.2,2,"No",0
"High School","Medium","Yes","Noisy",2.41,92.1,8.56,4.1,100,72.2,1,"No",0
"Bachelor","Medium","Yes","Noisy",2.92,98.2,5.59,2.7,40.4,71.5,6,"No",0
"Master","Medium","Yes","Noisy",2.4,59.5,6.71,2,67.1,78.5,1,"No",0
"Master","High","Yes","Moderate",3.96,92.4,6.97,4.3,57.8,85.4,0,"No",0
"Master","Medium","Yes","Quiet",2.22,80.1,5.82,1.7,72.1,77.9,1,"No",0
"High School","Low","Yes","Quiet",2.86,91.8,6.89,1.8,71,54.8,3,"No",0
"High School","High","Yes","Moderate",2.61,80.5,6.33,2.1,89.7,44.5,6,"No",0
"High School","Low","Yes","Quiet",3,81.4,7.1,1.2,72.1,48.8,5,"No",0
"High School","Low","Yes","Quiet",1.74,85.9,7.91,2.2,83,86.9,4,"No",0
"Bachelor","Medium","Yes","Quiet",1.02,82.3,6.58,1,68.3,74.5,2,"Yes",0
"Master","Low","Yes","Quiet",1.44,83.8,7.35,1.5,75.1,45.8,2,"Yes",0
"Master","Medium","Yes","Moderate",3.59,76.2,6.49,2.7,63.2,56.3,2,"No",0
"High School","Low","Yes","Quiet",3.13,78.6,8.22,4.8,91.2,54.7,2,"No",0
"Bachelor","Low","Yes","Moderate",4.98,87.3,6.63,1.9,65.5,67,0,"No",0
"Master","Medium","Yes","Quiet",2.23,69.2,7.52,2,80.9,59.1,1,"No",0
"Master","Low","No","Moderate",2.15,79.5,6.29,2.8,53.4,59,3,"No",0
"Bachelor","High","Yes","Moderate",2.3,84.7,7.26,1.6,71.4,53.9,1,"No",0
"High School","Low","No","Moderate",3.19,82.3,5.86,2.6,91.6,64.6,1,"No",0
"Master","Medium","No","Noisy",2.96,76.6,7.98,3.4,68.2,83.7,1,"No",0
"Bachelor","High","Yes","Moderate",3.81,86.4,7.86,4.5,71.3,87.4,3,"Yes",0
"High School","Medium","Yes","Noisy",0.97,84.4,6.08,2.3,65.4,58.3,1,"Yes",0
"Master","Medium","Yes","Noisy",2.77,88.3,7.32,2.1,92.2,67.7,1,"No",0
"High School","Medium","Yes","Quiet",4.54,98.5,6.9,2.4,55.5,70.3,2,"No",0
"Bachelor","High","Yes","Moderate",2.17,79.4,6.68,0,79.4,65.6,1,"Yes",0
"High School","Low","Yes","Noisy",3.26,89,6.95,1.4,100,93.4,2,"No",0
"Bachelor","Medium","Yes","Quiet",3.01,84.5,6.01,2.9,73.9,61.9,2,"Yes",0
"Bachelor","Medium","Yes","Moderate",3.09,76.9,6.6,5.9,100,79.7,5,"Yes",0
"Bachelor","Low","Yes","Quiet",0.73,73.5,7.32,2.6,73.3,62.8,2,"No",0
"Master","Low","Yes","Moderate",3.93,95.5,8.69,1.1,82.4,76.3,3,"Yes",0
"Master","Medium","Yes","Moderate",3.69,84.7,7.77,1.6,82.8,40.1,2,"No",0
"High School","High","Yes","Quiet",2.91,91.1,6.83,2.8,92,49.5,2,"No",0
"Master","High","Yes","Quiet",1.11,75.1,6.87,4.8,100,66.1,1,"Yes",0
"High School","Medium","Yes","Quiet",1.6,92.3,6.85,2.1,89.9,96,1,"No",0
"High School","Low","Yes","Noisy",2.03,82.4,6.72,0.9,64.8,75.5,3,"No",0
"Bachelor","High","Yes","Noisy",1.68,82.1,7.45,2.8,67.8,61.5,2,"No",0
"Master","Low","Yes","Quiet",2.99,83,6.03,2.9,83.2,48.6,3,"Yes",0
"Bachelor","Medium","Yes","Quiet",1.72,74.2,7.24,4.8,80.6,92.6,1,"No",0
"High School","Medium","No","Moderate",0.5,75.2,7.27,0,64.3,58,2,"No",0
"High School","Low","Yes","Moderate",1.83,97.1,7.59,5.1,66.2,71.5,1,"Yes",0
"Master","High","Yes","Moderate",5.03,80.1,6.24,2.2,89.4,64,1,"Yes",0
"High School","Low","Yes","Moderate",1.67,90.3,7.36,2.1,100,80.7,1,"No",0
"Master","Low","Yes","Quiet",3.01,59,5.42,3,87.8,64.2,2,"Yes",0
"Master","Medium","Yes","Quiet",3,99.8,8.05,2.6,98.4,64.2,3,"No",0
"Bachelor","Low","Yes","Moderate",2.12,81.1,8.24,2.8,75.8,61.9,3,"No",0
"PhD","Low","Yes","Quiet",3.63,81.9,8.57,4.1,65.3,31.1,5,"No",0
"PhD","Medium","No","Moderate",3.27,77.2,7.36,3.7,59.4,80.5,1,"No",0
"High School","High","Yes","Noisy",3.06,86.7,8.37,1.8,68.4,100,0,"No",0
"High School","Medium","Yes","Quiet",3.79,92.4,6.87,3.7,75.2,86.5,1,"No",0
"PhD","Medium","Yes","Noisy",0.5,88.4,5.8,1.6,76.6,70.6,3,"No",0
"High School","Medium","No","Noisy",1.59,89,6.47,2.8,81.9,100,1,"No",0
"High School","Medium","Yes","Noisy",0.97,79.8,5.82,4.8,76.9,64.5,2,"No",0
"Bachelor","Medium","No","Quiet",2.97,86.9,6.02,3.1,70.3,61.1,3,"No",0
"High School","Low","Yes","Quiet",2.37,92.3,6.74,1.7,97,79.3,3,"No",0
"Master","Medium","Yes","Moderate",3.54,83.9,5.98,2.3,66.6,75.3,2,"Yes",0
"Bachelor","Low","Yes","Quiet",3.89,77.9,5.89,1.6,52.7,90.2,1,"Yes",0
"Bachelor","Medium","Yes","Quiet",2.15,93.4,5.82,2.7,51.5,89.9,5,"No",0
"Bachelor","Medium","Yes","Moderate",1.76,72.2,6.65,2.1,83.2,50.1,2,"Yes",0
"Bachelor","Low","Yes","Noisy",1.35,92.2,7,2.3,88.7,68,1,"No",0
"Master","Low","Yes","Quiet",3.19,83,8.15,1.4,78.6,46.8,5,"No",0
"Master","Medium","Yes","Noisy",1.71,82,6.07,0.1,57.2,66.9,5,"No",0
"Bachelor","Low","Yes","Moderate",1.66,81,7.56,2.7,85.6,57,0,"No",0
"High School","Low","No","Quiet",1.56,75.1,7.51,0,81.3,96.3,1,"No",0
"High School","Low","Yes","Moderate",2.43,95.3,8.75,5.3,71.9,56.5,0,"No",0
"Bachelor","Medium","Yes","Quiet",1.43,100,7.22,4,90.6,59.6,4,"Yes",0
"Master","Medium","Yes","Moderate",2.58,77.4,6.13,2.4,83.7,59.6,1,"Yes",0
"Bachelor","Medium","Yes","Quiet",2.66,86.5,8.32,3.4,78.3,54.9,2,"No",0
"Bachelor","High","Yes","Moderate",1.81,81.3,7.57,0.4,58.2,65.8,5,"Yes",0
"Master","Medium","No","Moderate",2.34,92.7,7.79,5.2,100,94.9,2,"No",0
"High School","Medium","Yes","Moderate",2.42,91.9,7.22,4.3,87.9,82.7,1,"No",0
"Bachelor","High","Yes","Moderate",3.21,89.1,7.23,2.9,100,47.2,4,"No",0
"Bachelor","Low","Yes","Moderate",3.21,94.6,8.05,3,90.3,67.1,3,"Yes",0
"PhD","Low","Yes","Moderate",1.52,72.4,5.81,1.6,69.2,47.6,1,"No",0
"Bachelor","Medium","Yes","Noisy",2.94,82.2,7.27,3,67.9,64.7,2,"No",0
"Bachelor","High","Yes","Quiet",1.66,87.8,5.45,4.5,70.5,78,0,"No",0
"Bachelor","Medium","Yes","Noisy",3.22,83.8,8.54,3.1,73.1,65.7,0,"No",0
"High School","Medium","Yes","Moderate",2.88,86.4,7.24,3.1,76.1,53.3,4,"Yes",0
"Bachelor","Medium","Yes","Moderate",3.36,86.8,6.55,5.2,100,67.9,3,"No",0
"Bachelor","Medium","Yes","Moderate",0.5,83.3,6.69,2.7,75.7,73,1,"Yes",0
"Bachelor","High","Yes","Noisy",0.71,80.2,6.47,4.6,76.5,60.6,0,"No",0
"Bachelor","Low","Yes","Noisy",2.28,99.7,6.54,3.9,100,77.7,1,"No",0
"Bachelor","Medium","Yes","Noisy",3.09,69.1,6.62,3.4,66.5,60.4,2,"No",0
"Bachelor","Medium","Yes","Quiet",2.42,73.7,8.02,0.1,84.8,83.8,2,"No",0
"Master","High","Yes","Quiet",5.56,82.2,7.89,5.6,78.3,84.1,3,"No",0
"High School","Medium","Yes","Quiet",4.1,67.1,6.47,3.1,52.1,37.8,4,"No",0
"Bachelor","Low","No","Quiet",3.15,81.1,7.75,4.2,40,74,4,"No",0
"Bachelor","High","Yes","Noisy",0.99,88.4,7.3,4.7,80.6,68.8,0,"Yes",0
"High School","Medium","No","Noisy",3.41,73,6.84,3.2,59.9,68.4,1,"No",0
"High School","Low","Yes","Quiet",0.5,85.3,7.31,3.3,75,65.4,3,"No",0
"PhD","Medium","Yes","Quiet",2.86,73.7,6.63,3.5,97.5,57.1,1,"No",0
"High School","Low","Yes","Quiet",3.13,86.6,7.63,2.5,97.6,52.5,2,"Yes",0
"Master","Medium","Yes","Quiet",0.88,81.1,8.14,2.6,95,83.8,1,"No",0
"High School","Medium","Yes","Noisy",2.32,83.9,8.06,3,61.4,83.1,1,"Yes",0
"High School","Medium","Yes","Moderate",1.81,77.1,6.59,3,59.1,82.8,2,"No",0
"Bachelor","Medium","Yes","Moderate",0.66,77.5,6.33,1.6,88,74.5,0,"No",0
"Bachelor","Low","Yes","Noisy",0.99,87.6,8.98,1.4,97,88,2,"No",0
"Bachelor","Medium","Yes","Noisy",1.65,89.5,8.09,1.7,66.4,51.9,3,"Yes",0
"High School","High","Yes","Moderate",3.91,76.5,8.05,5.5,69.3,93,0,"No",0
"Bachelor","Medium","Yes","Noisy",1.11,86.9,7.27,1.3,57.2,53.6,3,"No",0
"High School","High","Yes","Quiet",1.85,95.4,5.84,3.3,78.3,60.3,2,"No",0
"Bachelor","High","Yes","Quiet",2.91,84.1,8.85,4.9,73.8,74.4,0,"No",0
"Bachelor","Medium","Yes","Quiet",1.34,94.8,6.28,1.8,67.7,72.1,1,"Yes",0
"Bachelor","Medium","Yes","Quiet",2.53,75.2,7.69,5.1,70.3,57,3,"No",0
"High School","Medium","Yes","Noisy",1.92,92.9,6.93,3.3,77.8,75.5,0,"No",0
"Bachelor","Medium","Yes","Moderate",2,82.6,6.73,4,67.7,44.1,2,"No",0
"Bachelor","Medium","Yes","Quiet",3.56,78.1,7.45,1.8,81.1,40.5,1,"No",0
"High School","Medium","Yes","Moderate",1.49,89.4,6.49,2.6,92.3,50.7,1,"No",0
"High School","Medium","Yes","Moderate",1.62,100,5.76,0.7,89.1,98,0,"No",0
"High School","Medium","Yes","Moderate",2.62,64.4,7.91,1.4,81,83,5,"No",0
"Bachelor","Medium","Yes","Moderate",4.03,91.9,4.32,2.6,77.5,67.6,1,"No",0
"Bachelor","High","Yes","Moderate",4.2,72.8,6.27,3.2,65.5,56.8,1,"No",0
"High School","Low","Yes","Noisy",2.31,84.8,8.43,2.8,76.6,72.4,1,"No",0
"Bachelor","Medium","Yes","Moderate",2.85,100,7.07,4.5,72.6,74.7,2,"No",0
"High School","Low","Yes","Quiet",2.89,82.5,5.11,4.2,89.5,54.3,1,"No",0
"High School","Low","Yes","Moderate",3.04,100,6.03,2.5,61.8,75.6,2,"No",0
"Master","Medium","Yes","Moderate",4.25,78.6,6.32,3.1,53.3,57.8,3,"No",0
"Bachelor","High","Yes","Noisy",2.11,76.2,8.98,1.8,96.7,69.7,4,"Yes",0
"Master","Medium","Yes","Moderate",3.19,72.6,6.93,3.8,62.9,58.7,0,"No",0
"Master","Medium","Yes","Noisy",3.56,90.7,8.53,5.2,81.4,84.6,1,"No",0
"High School","Medium","Yes","Quiet",2.53,80,6.18,3.7,52.6,61.6,1,"No",0
"Bachelor","Medium","No","Quiet",3.03,87.8,7.12,3.2,63.1,86.7,5,"No",0
"Bachelor","High","Yes","Moderate",3.12,90.7,8,4.2,70.6,66,4,"No",0
"High School","Medium","Yes","Quiet",4.22,94.7,8.04,2.8,82,69.2,4,"No",0
"Master","Low","Yes","Quiet",1.06,93.9,5.98,1.2,81.1,77.8,2,"No",0
"Bachelor","Medium","Yes","Quiet",3.05,92,7.29,3.5,67.4,61.9,1,"Yes",0
"Master","Medium","No","Quiet",3.03,93.3,8.15,2.3,86.4,86.4,4,"No",0
"High School","Low","No","Quiet",1.59,90.6,6.94,2.7,92.8,70.4,1,"No",0
"Master","Low","Yes","Quiet",2.91,60.1,7.59,0.3,58.4,70.1,1,"No",0
"Bachelor","Medium","Yes","Moderate",1.6,89.1,4.52,2.5,63.2,59.4,2,"No",0
"Bachelor","Medium","No","Quiet",3.09,86.7,8.08,5.5,79.5,96.2,3,"Yes",0
"Bachelor","High","No","Quiet",2.17,94.7,7,1.8,89.7,43.6,3,"No",0
"PhD","Low","Yes","Quiet",1.95,92.1,6.35,5.8,79.4,60.7,1,"Yes",0
"High School","Low","Yes","Moderate",2.11,76.5,9.6,6.4,98.7,68.2,2,"No",0
"Bachelor","Medium","Yes","Quiet",3.77,87.2,5.35,3.6,70.3,53.9,3,"Yes",0
"Bachelor","Medium","Yes","Quiet",3.16,85.1,5.83,4.5,100,67.9,2,"No",0
"Bachelor","Medium","Yes","Moderate",2.04,85.7,6.28,1.4,90.9,78.6,1,"No",0
"Master","Medium","Yes","Quiet",1,100,8.03,4.3,79.4,77.9,0,"Yes",0
"Bachelor","Low","Yes","Quiet",2.45,78.4,5.7,2.3,99,35.4,3,"No",0
"High School","High","Yes","Noisy",2.11,84.3,6.94,3,66.3,73.1,2,"No",0
"Master","Low","Yes","Quiet",2.8,90.5,7.75,2.3,82.7,31.2,2,"No",0
"Bachelor","Low","Yes","Quiet",2.63,63.4,7.21,3.7,78.1,62.5,6,"No",0
"Bachelor","High","Yes","Quiet",2.8,97.9,8.14,3,62.9,77.7,2,"No",0
"Bachelor","High","Yes","Moderate",1.96,76.8,6.22,1.2,58.2,79.5,2,"No",0
"High School","Medium","Yes","Moderate",1.33,78.1,7.67,3.1,85.4,57.4,2,"Yes",0
"Master","Medium","Yes","Quiet",1.87,100,6.81,4.6,87.5,61.9,7,"Yes",0
"Master","Low","Yes","Noisy",2.04,86,8.59,3.1,59.9,89.4,3,"No",0
"PhD","High","Yes","Noisy",0.5,84.3,6.18,0.4,59.3,66.1,2,"No",0
"Bachelor","Medium","Yes","Moderate",3.17,86.4,6.86,5.1,60.7,57.4,0,"Yes",0
"High School","High","Yes","Moderate",2.34,90.7,6.91,2.9,63.7,52.1,2,"No",0
"High School","Medium","Yes","Quiet",3.39,76.5,6.55,3.8,60.2,61.3,1,"Yes",0
"Master","Medium","Yes","Moderate",3.14,76.2,7.04,1.5,85.8,63.6,2,"No",0
"High School","Medium","Yes","Moderate",2.11,76.2,8.74,4,91.1,71.7,2,"No",0
"High School","Low","Yes","Quiet",2.42,87.3,6.16,1.8,67,52.9,3,"No",0
"Bachelor","Low","Yes","Quiet",1.32,100,6.29,1.8,53.2,73.9,3,"No",0
"PhD","Low","Yes","Noisy",2.56,95.5,6.61,2.1,100,55.2,3,"Yes",0
"PhD","Medium","Yes","Noisy",1.1,64.6,5.33,3.6,89.7,76.7,4,"No",0
"High School","Low","Yes","Moderate",3.98,98.4,4.85,4.5,63.5,55.6,3,"No",0
"High School","High","Yes","Moderate",0.5,94.7,5.79,2.1,72.3,64,1,"No",0
"High School","High","Yes","Quiet",2.51,95.6,7.44,2.5,86.1,100,1,"Yes",0
"Master","High","Yes","Moderate",3.82,76.5,6.97,2.3,66.1,86.8,4,"No",0
"High School","High","Yes","Noisy",3.02,88.7,7.1,0.6,40.8,64.2,1,"Yes",0
"Bachelor","Low","Yes","Quiet",2.3,95.3,5.32,4.1,100,77,2,"Yes",0
"Bachelor","Low","Yes","Moderate",0.5,82.1,6.27,2.3,89.9,57.3,2,"No",0
"High School","Medium","Yes","Moderate",3.44,95.9,9.07,4,62.8,65.7,2,"Yes",0
"Bachelor","Low","Yes","Noisy",2.41,79.3,8.52,1.6,88.2,67.7,3,"Yes",0
"Master","Medium","Yes","Quiet",1.62,95.6,7.25,3.7,55.4,79.6,5,"No",0
"Bachelor","Medium","Yes","Moderate",1.2,97.4,7.6,1.9,100,61.3,0,"No",0
"Bachelor","Medium","Yes","Quiet",1.6,87.9,7.6,1.6,69.1,51.9,0,"Yes",0
"Bachelor","Low","Yes","Noisy",4.07,85.9,6.1,0.6,80,47.1,1,"Yes",0
"Bachelor","Medium","Yes","Moderate",0.92,100,6.08,4,100,59.8,4,"No",0
"High School","Medium","Yes","Quiet",3.67,70.1,5.82,3.1,77.6,89.2,1,"Yes",0
"High School","Medium","Yes","Quiet",2.91,76.8,6.63,4,80.7,66.3,1,"No",0
"Bachelor","Medium","No","Noisy",3.8,89.2,8.61,2.6,64.2,62.3,5,"No",0
"Bachelor","High","Yes","Moderate",0.5,90.4,6.16,5.9,82.1,74.6,1,"Yes",0
"PhD","Medium","Yes","Moderate",1.32,85.9,7.03,0.8,60.4,69.9,3,"Yes",0
"High School","Medium","Yes","Moderate",1.69,73.5,7.17,3.7,100,59,0,"Yes",0
"PhD","Medium","Yes","Quiet",1.65,74.6,8.3,0.6,71.6,74,0,"No",0
"Bachelor","Medium","Yes","Quiet",2,87.9,7.47,1.8,74.4,47.5,1,"No",0
"Bachelor","Medium","Yes","Quiet",2.96,78.4,6.04,0.9,92.1,73.8,2,"No",0
"High School","Low","Yes","Noisy",3.07,66.6,6.86,1.6,46.5,81.8,5,"Yes",0
"Bachelor","Medium","Yes","Moderate",4.23,93.7,7.38,1.4,74.9,68.3,4,"No",0
"High School","High","Yes","Quiet",2.02,100,6,2.8,89.1,69.6,2,"No",0
"High School","High","Yes","Quiet",2.55,80.1,8.16,4.7,67.3,42.1,1,"No",0
"Master","High","Yes","Moderate",2.45,80.6,5.59,1.6,76,57.5,2,"No",0
"High School","Medium","Yes","Noisy",1.1,93.3,7.28,2.7,84.1,76.3,2,"No",0
"Master","Medium","Yes","Noisy",1.95,77.2,6.44,4.1,96.3,75.3,3,"No",0
"Bachelor","High","Yes","Moderate",2.47,86.6,7.83,3.5,100,87.9,4,"Yes",0
"Bachelor","Medium","Yes","Moderate",0.96,84.4,6.01,3.5,88.3,72.7,0,"No",0
"Bachelor","Medium","Yes","Quiet",2.68,72.3,7.41,4.3,100,82.8,4,"Yes",0
"Master","Medium","Yes","Moderate",1.72,80,6.86,4,96.5,58.2,6,"No",0
"Master","Medium","Yes","Quiet",2.8,76.7,8.08,1.5,64.7,59.6,1,"No",0
"High School","Medium","Yes","Moderate",1.63,78.8,7.42,3.9,85.1,73.8,2,"No",0
"Master","Medium","Yes","Quiet",3.72,92.4,5.41,5.2,96.4,72.7,0,"Yes",0
"High School","Low","Yes","Noisy",4.01,100,5.14,1.5,89.3,55.6,0,"No",0
"Bachelor","High","Yes","Moderate",1.55,85.8,6.55,5.3,100,70.5,2,"No",0
"High School","Medium","No","Moderate",2.6,62.9,5.67,2.9,71.3,69.5,2,"No",0
"Bachelor","Medium","Yes","Moderate",1.01,65.2,8.56,3.7,99.2,45.7,3,"No",0
"High School","Medium","Yes","Quiet",2.3,66.5,6.74,5.2,85.7,94.9,1,"No",0
"Bachelor","Medium","Yes","Quiet",2.6,82.6,6.71,2.6,91.9,100,1,"Yes",0
"Bachelor","Low","Yes","Noisy",2.74,89.9,7.8,1.9,89.5,54.1,3,"No",0
"High School","Low","Yes","Noisy",0.65,77.4,5.96,1.8,93.2,77.5,1,"No",0
"High School","Medium","Yes","Moderate",1.26,100,6.65,1.4,65,90.7,6,"Yes",0
"PhD","Low","Yes","Quiet",3.82,86.9,8.95,6,71.1,92,3,"No",0
"High School","Medium","Yes","Quiet",3.11,78.4,5.97,1,62.6,71.8,4,"No",0
"High School","Medium","Yes","Moderate",5.15,97.2,8.86,4.7,88.1,73.7,1,"No",0
"High School","Low","Yes","Noisy",2.75,87.7,6.43,1.4,62.1,86.7,2,"Yes",0
"High School","Medium","Yes","Moderate",2.1,86.9,7.6,5.9,70.9,84.8,0,"No",0
"Master","Low","Yes","Quiet",2.28,81.3,7,1.8,67.1,44.5,1,"Yes",0
"Bachelor","Low","Yes","Moderate",2.93,77.5,7.24,1.7,56.9,53.2,4,"Yes",0
"Master","Low","Yes","Moderate",2.72,74.3,7.57,2.5,87.7,65,1,"No",0
"Master","Low","Yes","Moderate",2.25,77.7,8.17,3.8,70.5,53.8,1,"Yes",0
"Master","Low","No","Moderate",0.99,84,6.1,3.1,97.2,77.4,1,"No",0
"High School","Low","Yes","Quiet",3.77,79.9,7.36,4.6,93.3,44.7,3,"Yes",0
"High School","Low","No","Noisy",3.59,89,5.19,2.9,98.5,91.9,1,"Yes",0
"Bachelor","Low","Yes","Noisy",4.11,100,9.23,3.6,66.6,58.4,2,"Yes",0
"High School","Medium","Yes","Quiet",1.69,82.5,6.17,3.1,95,54.7,3,"No",0
"High School","Medium","No","Noisy",2.2,95.1,9.39,1.1,79.8,55.6,3,"Yes",0
"High School","High","Yes","Moderate",3.92,84.2,7.01,1.3,76.2,78.4,3,"No",0
"High School","Medium","Yes","Moderate",3.98,71.8,7.83,3,82.4,44.1,3,"No",0
"Bachelor","High","Yes","Moderate",2.75,94.5,7.38,3.3,63.5,50,1,"No",0
"Master","Medium","Yes","Quiet",1.82,84.2,7.14,2,57.4,37.6,3,"No",0
"High School","High","No","Quiet",1.38,88.3,5.86,0.5,92.7,42.6,1,"No",0
"Bachelor","Medium","Yes","Noisy",1.83,72.8,7.66,0,68.7,61,2,"Yes",0
"High School","Medium","Yes","Moderate",2.23,83.9,7.49,2.5,76.4,61.1,4,"No",0
"Master","High","Yes","Noisy",0.5,80.1,6.59,5.4,70,72,2,"No",0
"Bachelor","Low","Yes","Quiet",2.5,81.8,6.38,5.2,40.1,81,4,"No",0
"Bachelor","Medium","Yes","Quiet",0.5,77.2,7.73,1.2,98.2,54.8,0,"No",0
"Bachelor","Low","Yes","Quiet",1.87,80.4,7.84,0,88.2,38.5,4,"No",0
"High School","High","Yes","Quiet",1.08,72.9,7.75,2.1,72.1,51.9,3,"No",0
"Bachelor","Medium","Yes","Noisy",1.67,80.1,6.08,2.9,73.6,51.7,1,"No",0
"Bachelor","High","Yes","Moderate",3.54,80.9,5.19,3.3,74.5,41.9,4,"No",0
"High School","Low","Yes","Quiet",2.64,82,7.37,2.3,82.8,53.3,1,"Yes",0
"High School","Medium","Yes","Moderate",2.72,100,8.15,2.5,61.4,100,3,"No",0
"Bachelor","Medium","Yes","Moderate",1.94,66.4,7,1.2,74.9,55.9,2,"No",0
"Bachelor","Medium","Yes","Moderate",1.91,92.6,7.07,3.7,77.8,59.7,1,"No",0
"Bachelor","Medium","Yes","Moderate",0.5,80.4,5.75,1.5,67.1,85.2,1,"No",0
"Bachelor","Medium","No","Quiet",3.65,82.6,6.68,2.3,58.6,54.1,0,"No",0
"Master","Medium","Yes","Noisy",2.69,88.5,7.04,4.8,76.1,69.4,0,"No",0
"Bachelor","Medium","Yes","Quiet",1.8,79.6,5.85,0.9,78.4,76.4,0,"No",0
"High School","High","No","Quiet",2.82,82.8,6.2,1.5,72.6,71.8,3,"No",0
"High School","High","Yes","Quiet",2.91,86.7,4.75,2.5,91.2,71,1,"Yes",0
"High School","Medium","Yes","Moderate",3.4,60.3,6.41,1.1,67.3,72.4,2,"No",0
"Bachelor","Medium","Yes","Quiet",1.22,98.6,7.64,3.7,68.6,66.6,3,"Yes",0
"High School","High","Yes","Quiet",3.08,74.5,6.99,3.5,71.6,63.6,1,"No",0
"Bachelor","High","Yes","Moderate",1.59,85,5.96,4.9,80.6,99.3,4,"Yes",0
"Bachelor","Medium","Yes","Quiet",1.69,96.9,8.23,2.6,98.6,72.4,0,"No",0
"Bachelor","Medium","Yes","Quiet",0.5,90.6,5.21,0,72.1,62.5,4,"No",0
"Bachelor","Low","Yes","Moderate",2.89,87.4,7.67,1.6,50.6,46.9,1,"Yes",0
"Master","Low","Yes","Quiet",0.5,81.4,7.06,0,59.8,63.9,4,"No",0
"Master","Medium","Yes","Moderate",4.81,81.8,8.85,3.4,69.3,67.6,1,"Yes",0
"Bachelor","Medium","Yes","Moderate",2.24,78.9,7.74,3.9,85.2,65,0,"Yes",0
"Master","Low","Yes","Quiet",3.06,91,6.45,0.7,87.1,44.1,6,"Yes",0
"High School","High","Yes","Noisy",3.41,85.5,7.92,2.6,82.8,73.7,3,"No",0
"Bachelor","High","Yes","Quiet",1.32,92.9,7.49,1.8,65.3,98.6,2,"No",0
"PhD","Medium","Yes","Noisy",2.45,82.6,5.31,2.9,96.1,71.7,1,"Yes",0
"Bachelor","Medium","Yes","Quiet",4.88,78.1,6.99,0.5,73.4,44.3,1,"No",0
"High School","Low","No","Moderate",3.75,68.8,7.11,3.8,100,45.3,1,"No",0
"Master","Medium","Yes","Moderate",4.62,77,6.04,1,68,82.9,2,"Yes",0
"Bachelor","Medium","Yes","Quiet",2.58,100,6.84,2.3,77.2,74.1,1,"No",0
"Bachelor","High","Yes","Moderate",0.81,87.1,7.57,2.6,100,81,1,"No",0
"Master","Low","Yes","Quiet",2.12,85.5,7.35,5.9,95.3,51.2,1,"No",0
"Bachelor","Low","Yes","Quiet",2.56,71.9,5.99,2.7,70.8,54.4,3,"No",0
"PhD","Low","Yes","Moderate",1.48,85.3,8.81,1.7,82,81.7,2,"No",0
"PhD","Low","No","Quiet",3.45,82.8,7.69,5.3,64.3,48.6,2,"Yes",0
"High School","Medium","Yes","Moderate",1.48,82.7,7.8,3.9,73.2,76,0,"Yes",0
"High School","Medium","Yes","Noisy",3.79,92.5,6.64,0,86.3,65.9,1,"No",0
"Master","Medium","Yes","Moderate",0.86,96.6,7.11,3.1,55.9,72.3,1,"No",0
"Bachelor","Medium","Yes","Quiet",1.44,74.2,7.26,1.6,82.7,72.8,2,"No",0
"High School","Medium","Yes","Quiet",3.72,87.6,7.28,3.5,91.4,58.2,3,"No",0
"Master","Medium","Yes","Quiet",2.59,88.8,6.95,2.8,47.4,99.9,4,"No",0
"Master","Low","Yes","Moderate",2.18,83.4,6.11,3.5,100,62.7,3,"Yes",0
"High School","Low","Yes","Moderate",5.66,81.2,6.25,2.9,84.9,95.5,2,"No",0
"Bachelor","High","Yes","Quiet",2.65,59.2,6.74,3,94.5,99.6,1,"No",0
"High School","High","Yes","Quiet",2.9,78.3,6.66,4.6,84.5,86.7,1,"No",0
"Bachelor","Low","No","Quiet",2.29,74,6.3,1.4,74.4,70.4,0,"Yes",0
"High School","Low","Yes","Quiet",4.4,77.6,6.72,1.5,61,69,4,"Yes",0
"High School","Medium","Yes","Moderate",2.38,93.5,7.61,2,89.6,72.2,2,"No",0
"High School","Low","No","Noisy",2.41,88.4,7.82,3.8,87.5,76.8,4,"No",0
"Master","Medium","Yes","Moderate",3.25,93.8,6.05,1.8,85.1,63.8,0,"Yes",0
"Bachelor","Low","Yes","Moderate",3.12,92.6,6.09,2.3,68.2,65.2,4,"No",0
"Bachelor","Medium","Yes","Quiet",1.69,79.2,6.93,4.3,90.7,100,4,"No",0
"High School","Medium","Yes","Quiet",2.86,86.7,8.68,0,77.8,65.8,2,"No",0
"Bachelor","Medium","No","Quiet",4.21,68.1,6.54,0,81.1,72.1,3,"Yes",0
"Master","Low","Yes","Quiet",3.14,83.2,8.84,2.3,74.5,100,1,"Yes",0
"Bachelor","Medium","Yes","Moderate",2.75,79.6,6.84,4.2,68.5,51.9,3,"No",0
"Bachelor","Medium","Yes","Quiet",1.83,90.8,7.45,4.8,91.8,70.4,0,"No",0
"Bachelor","High","Yes","Quiet",1.88,88.8,5.81,4.4,89.1,59.6,2,"Yes",0
"Master","Medium","Yes","Quiet",1.64,79.8,7.21,2.8,74.7,57.8,1,"No",0
"High School","Low","Yes","Quiet",3.54,88.9,7.16,3.4,83.3,49.9,2,"No",0
"Master","Medium","No","Quiet",3.02,78.1,6.4,0.3,77.5,86.9,0,"Yes",0
"High School","Low","No","Moderate",0.54,95.1,7.46,2.6,73.4,68.2,2,"Yes",0
"Bachelor","Low","Yes","Quiet",2.12,62.6,6.29,2.2,59.4,68.5,1,"Yes",0
"Bachelor","Medium","Yes","Moderate",1.35,87.4,8.64,0.7,73.9,77.5,0,"No",0
"High School","Medium","Yes","Quiet",1.37,87,6.65,2.3,63.5,54.3,2,"No",0
"Master","Medium","Yes","Moderate",1.15,92,7.41,4.4,79.5,58.7,3,"No",0
"Bachelor","High","Yes","Quiet",2.52,80.6,8.86,4.8,93.4,47.1,5,"No",0
"Bachelor","Low","Yes","Noisy",2.78,96.3,6.53,4.4,92.5,48.3,0,"Yes",0
"Master","Low","Yes","Moderate",3.18,81.5,6.73,4.2,53.2,67,2,"No",0
"Master","Medium","Yes","Moderate",4.91,89.5,8.78,3.8,73.7,63.2,0,"Yes",0
"High School","Medium","Yes","Quiet",2.41,80,6.18,3.6,87.6,49.8,2,"Yes",0
"High School","Medium","No","Noisy",2.5,88.5,6.51,3,74,92.6,2,"No",0
"Master","Low","Yes","Quiet",1.6,94,8.1,4.6,60.2,66.8,2,"No",0
"High School","Medium","Yes","Noisy",3.17,100,7.78,4.5,100,66.4,1,"No",0
"High School","Medium","Yes","Moderate",1.51,95.7,7.44,0.5,86.1,57.7,1,"Yes",0
"Bachelor","High","Yes","Quiet",0.5,91.1,7.79,1.9,59.8,68.8,1,"Yes",0
"High School","Medium","Yes","Noisy",0.5,93.1,6.96,1.3,80.5,52.8,2,"No",0
"Bachelor","Medium","Yes","Quiet",0.9,87.3,8.27,2.5,65.1,78.7,1,"No",0
"Bachelor","Medium","Yes","Moderate",3.47,73.1,7.38,5.5,88.6,74.9,0,"Yes",0
"PhD","High","Yes","Noisy",4.73,90.2,6.72,7.2,96.5,76.4,2,"Yes",0
"Master","Low","Yes","Moderate",1.98,88.4,8.7,0,72.5,75,0,"No",0
"Bachelor","Low","No","Quiet",2.08,79.2,6.18,1.8,77.3,97.6,5,"No",0
"High School","Low","Yes","Moderate",4.5,90.8,7.15,2,49.5,63.5,0,"No",0
"Bachelor","Medium","Yes","Quiet",2.55,83.7,6.35,1.6,82.7,63,0,"No",0
"Bachelor","Medium","Yes","Quiet",0.5,87.2,7.57,5,96.4,84.7,3,"No",0
"Bachelor","High","Yes","Noisy",2.59,72.6,8.48,2.7,73,84.3,1,"No",0
"PhD","Medium","Yes","Quiet",0.85,80.1,5.74,4.5,71.1,74.7,1,"Yes",0
"High School","Medium","Yes","Moderate",2.03,96,6.94,4,82.2,73.4,6,"No",0
"Bachelor","High","Yes","Noisy",2.48,94.6,7.2,1.8,92.1,36.9,1,"No",0
"High School","High","Yes","Quiet",1.49,90.3,5.6,0,75,80,1,"Yes",0
"High School","Low","Yes","Quiet",2.86,92.6,6.79,5,83.7,60,1,"No",0
"High School","High","Yes","Moderate",3.03,86.3,5.45,1.4,90.4,48.9,3,"No",0
"High School","Medium","Yes","Moderate",2.1,61.8,6.17,3.1,76.4,46.3,1,"No",0
"Bachelor","Medium","Yes","Moderate",3.55,73,7.03,2.8,61.3,68.4,1,"No",0
"Bachelor","Medium","Yes","Quiet",1.97,97.9,5.34,3,67.3,72,3,"No",0
"PhD","Medium","Yes","Noisy",3.14,64.9,7.35,5,72.6,53.9,1,"Yes",0
"High School","Medium","Yes","Quiet",3.19,82.1,7.65,2.8,56.9,89.7,1,"No",0
"PhD","Medium","Yes","Quiet",1.43,100,7.08,2.2,68.4,89.2,3,"Yes",0
"High School","Low","Yes","Noisy",2.07,93.3,5.77,4.2,100,71.2,1,"No",0
"High School","Low","Yes","Quiet",2.7,100,9.05,1.8,66.1,34.8,1,"Yes",0
"Bachelor","Low","Yes","Moderate",2.45,78.8,8.02,1.8,84.3,70.8,1,"Yes",0
"High School","Low","Yes","Moderate",2.4,74.7,6.04,0.9,81.8,36.3,0,"No",0
"High School","Medium","Yes","Quiet",2.74,65.2,8.26,0.4,44.2,87.4,2,"No",0
"PhD","Medium","No","Noisy",1.43,95.1,6.81,0.6,79.2,88,3,"No",0
"Master","High","Yes","Moderate",2.59,96.2,6.92,1.5,99.7,65.4,3,"Yes",0
"High School","High","Yes","Quiet",3.83,89.4,5.48,3.1,69.6,86,2,"No",0
"Master","Low","Yes","Quiet",3.52,64.9,8.2,0.7,71.8,79.6,2,"No",0
"High School","Medium","Yes","Moderate",1.8,83.3,8.28,5.2,70.9,88.3,0,"No",0
"High School","Medium","Yes","Quiet",1.08,100,8.22,3,100,53.9,1,"No",0
"High School","Medium","Yes","Quiet",2.48,83.5,6.23,2.7,71.5,54.2,5,"No",0
"Bachelor","Low","Yes","Quiet",5.01,81.7,7.42,6.2,58.1,68.2,2,"Yes",0
"High School","Medium","No","Quiet",2.83,82.7,6.41,0,74.9,75,2,"No",0
"Master","High","No","Moderate",3.27,79.9,7.18,0.6,84.7,36.1,1,"No",0
"High School","High","Yes","Moderate",2.5,100,5.76,4.9,71.2,77.2,1,"No",0
"Bachelor","Low","Yes","Noisy",2.8,73.3,6.75,3,94.1,91,2,"Yes",0
"Master","Medium","Yes","Moderate",2.77,88.5,5.34,5.8,69.3,54.8,1,"No",0
"High School","Low","Yes","Quiet",2.69,100,7.59,3.2,98,78.5,0,"No",0
"Master","Medium","Yes","Quiet",2.18,78.3,6.46,1.7,66.3,52.2,0,"Yes",0
"Master","Medium","Yes","Moderate",1.29,74,6.61,2,76.7,81.7,5,"No",0
"High School","Medium","Yes","Noisy",2.81,81.4,8.5,0.6,63.9,51.5,2,"No",0
"High School","Medium","Yes","Quiet",3.98,64.8,5.48,2.7,70.6,66.6,5,"Yes",0
"Bachelor","High","Yes","Moderate",2.49,94.5,7.02,2.1,49.8,50.7,0,"No",0
"Bachelor","Medium","Yes","Noisy",3.66,90.3,7.97,2.8,74.7,62.8,0,"No",0
"Bachelor","Medium","Yes","Noisy",3.05,73.2,7.36,2.9,64.6,100,4,"No",0
"High School","Medium","Yes","Noisy",3.21,91.1,6.39,2.9,81.6,65.7,2,"No",0
"Bachelor","High","Yes","Quiet",0.5,79.8,7.19,1.7,73.1,85.6,5,"Yes",0
"Master","Medium","Yes","Quiet",2.49,86.7,6.97,2.1,100,71,2,"No",0
"Master","Low","Yes","Moderate",2.32,81.7,6.99,0.9,83.5,87.7,4,"No",0
"Bachelor","Medium","Yes","Quiet",0.94,81,7.91,1.4,91.5,78.8,3,"No",0
"Bachelor","Low","Yes","Moderate",1.43,79.9,8,5.1,65.5,44.2,4,"No",0
"Bachelor","Medium","Yes","Quiet",2.73,81.2,5.69,1.4,92.9,57.2,3,"No",0
"Bachelor","Low","Yes","Noisy",3.78,100,7.35,4.9,87.2,46.9,4,"Yes",0
"High School","Medium","No","Quiet",3.62,83.5,6.85,4.4,50.5,89.4,1,"Yes",0
"High School","Medium","Yes","Quiet",0.81,75.9,8.08,1.4,82,82.6,4,"No",0
"High School","Low","Yes","Moderate",2.7,81.4,6.18,2.8,68.6,57.3,2,"Yes",0
"PhD","Low","Yes","Moderate",2.19,90,6.02,3.9,79.9,74.4,3,"No",0
"Master","Low","Yes","Moderate",4.02,74.7,6.47,2.8,93.3,55.9,2,"No",0
"Master","Low","Yes","Quiet",2.39,84.6,6.85,2.3,58.8,70.4,2,"Yes",0
"Bachelor","Low","Yes","Moderate",3.46,87.8,7.13,2.7,100,86.2,1,"No",0
"Bachelor","High","No","Moderate",2.55,90.3,6.48,2.7,42.9,71.8,0,"No",0
"High School","Low","Yes","Quiet",3.03,84.6,7.67,4.1,100,60.8,6,"No",0
"High School","Medium","Yes","Moderate",1.63,100,5.42,0.5,74.5,57.5,3,"No",0
"High School","Low","Yes","Quiet",0.5,91,8.04,2.2,100,42.6,2,"No",0
"High School","High","Yes","Moderate",0.5,86.5,6.36,5.1,71.8,61.2,2,"No",0
"PhD","High","Yes","Moderate",2.44,70.7,7.51,3.9,100,88.3,1,"Yes",0
"Bachelor","High","Yes","Quiet",1.37,84,7.74,2.6,89.1,54.8,2,"No",0
"High School","Low","Yes","Moderate",3.03,65.5,5.78,3.8,54,72.3,5,"Yes",0
"Master","Low","Yes","Moderate",3.93,68.3,6.78,2.2,98.8,58.1,5,"Yes",0
"Bachelor","Medium","Yes","Noisy",2.5,81.1,7.05,2.9,51.4,34,5,"No",0
"Master","Low","Yes","Moderate",1.95,99.5,6.19,4.5,82.5,82.5,3,"No",0
"PhD","Low","Yes","Quiet",1.17,78.6,6.58,6.2,91.9,61,3,"No",0
"Bachelor","Medium","Yes","Moderate",1.24,80.3,6.81,3.7,90.9,52,0,"Yes",0
"Master","Low","Yes","Moderate",2.9,85.8,7.73,2.3,95.5,34.7,2,"No",0
"Bachelor","Medium","Yes","Moderate",3.76,80.8,5.74,2.8,97.3,68,2,"No",0
"PhD","Low","Yes","Quiet",4.85,89.7,7.31,2.3,72.8,94.3,2,"No",0
"High School","High","Yes","Moderate",3.26,75,7.34,3.5,94.2,48.3,3,"No",0
"Master","Medium","Yes","Moderate",0.52,73,7.3,1.7,78.1,60.1,1,"No",0
"Bachelor","High","Yes","Noisy",2.66,96,7.23,3.1,86.9,57.3,2,"No",0
"Bachelor","Medium","No","Quiet",1.42,89.5,6.25,5.9,99.9,60.3,2,"Yes",0
"High School","Medium","No","Quiet",0.89,66,6.68,4.2,85.7,64.7,4,"Yes",0
"Bachelor","Medium","Yes","Quiet",2.41,86.6,7,1.9,77.4,44,1,"Yes",0
"Master","Medium","Yes","Moderate",2.01,83.7,6.41,2.1,99.3,54,3,"No",0
"PhD","Medium","Yes","Noisy",2.84,76.6,6.42,1.9,46.8,56.3,2,"No",0
"High School","Medium","Yes","Moderate",2.06,74.8,8.43,0.6,73.4,100,1,"No",0
"Bachelor","Low","Yes","Noisy",0.55,88.7,6.74,3.5,98.8,63.7,1,"No",0
"Master","Low","Yes","Noisy",2.9,98.9,7.45,3.1,73.8,70.6,2,"No",0
"Bachelor","High","No","Quiet",1.99,100,7.21,6.3,100,78.7,0,"No",0
"High School","Medium","Yes","Moderate",1.93,85.6,5.8,2,54.6,70.8,4,"Yes",0
"Bachelor","Medium","Yes","Moderate",0.73,78.1,8.05,1.2,65,85.5,2,"No",0
"Master","Low","Yes","Moderate",2.08,97.9,7.83,3.6,69.3,80.3,2,"No",0
"Bachelor","High","Yes","Noisy",2.86,89.3,5.29,3.7,91.2,67.7,4,"No",0
"High School","Medium","Yes","Moderate",2.71,74.2,7.26,3.6,72.4,67.7,2,"Yes",0
"High School","Low","Yes","Noisy",2.79,72,7.64,1.7,80.5,64.1,3,"No",0
"High School","Medium","Yes","Quiet",0.5,99.2,7.49,3.6,98.4,94.1,1,"Yes",0
"High School","Medium","Yes","Noisy",2.61,77,7.45,2.5,70.5,72.3,4,"No",0
"High School","High","Yes","Moderate",2.24,75.9,6.32,3.5,87.8,81.5,2,"No",0
"High School","Low","Yes","Quiet",3.64,82.1,5.89,4.1,65.2,62.7,2,"Yes",0
"High School","High","Yes","Moderate",2.13,86.4,4.37,1,79.8,79.7,1,"Yes",0
"Bachelor","Low","Yes","Quiet",4.27,80.5,5.9,3.5,77.8,86,2,"No",0
"Bachelor","Low","No","Noisy",1.67,79.9,8.14,6.5,85.2,100,0,"No",0
"High School","High","Yes","Moderate",0.94,70.8,5.82,3.7,100,69.6,6,"No",0
"Bachelor","Medium","Yes","Moderate",2.65,87.6,8.56,3.9,68.3,52,2,"No",0
"High School","Medium","Yes","Noisy",0.5,100,4.84,3.8,73.7,77.8,4,"Yes",0
"PhD","High","Yes","Moderate",2.47,80.9,7.92,3.7,67.4,73.2,3,"Yes",0
"Bachelor","Medium","Yes","Moderate",2.24,90.4,6.29,4,80.2,63.3,4,"No",0
"Bachelor","Medium","No","Moderate",2.37,81.5,7.96,2,97.9,75.5,3,"No",0
"Bachelor","Low","No","Moderate",2.67,76.5,8.21,1.5,58,100,4,"No",0
"Bachelor","High","No","Noisy",2.97,88.9,7.12,4.6,69.3,49.3,0,"Yes",0
"High School","Medium","Yes","Moderate",1.97,80.6,8.52,3.7,79.4,90.1,4,"No",0
"PhD","Low","Yes","Quiet",3.77,87,6.84,4.2,86.2,61.7,2,"No",0
"High School","Medium","Yes","Quiet",1.91,100,5.58,2.2,100,72.1,2,"No",0
"High School","Medium","Yes","Noisy",1.56,80.1,8.62,3,70,76.8,3,"No",0
"PhD","High","Yes","Moderate",4,65.2,5.92,4.4,66.4,44.3,1,"Yes",0
"High School","Medium","Yes","Noisy",1.35,76.5,7.03,0.4,91.3,71,3,"No",0
"Master","Medium","Yes","Moderate",0.5,93.6,6.33,0,54.7,52.8,2,"Yes",0
"Bachelor","Medium","Yes","Noisy",1.87,75,8.99,2.7,66.5,79.6,1,"No",0
"High School","Medium","Yes","Quiet",1.14,86.7,6.56,2.6,88.6,61.7,0,"Yes",0
"Bachelor","High","Yes","Moderate",2.89,70.6,6.72,1.7,73.7,72.3,2,"No",0
"Bachelor","Low","Yes","Quiet",2.04,92.7,6.01,4.9,86.7,49.4,1,"No",0
"Bachelor","Low","Yes","Moderate",1.66,69.9,7.74,2.6,90.7,90.5,2,"No",0
"Bachelor","High","Yes","Noisy",0.9,93.8,7.67,0.8,49.7,98.7,3,"No",0
"High School","High","No","Noisy",3.18,80.1,5.79,2.6,100,56.7,3,"No",0
"Bachelor","High","Yes","Moderate",3.69,80.6,6.11,3.9,84.6,76.4,0,"No",0
"Bachelor","Medium","Yes","Moderate",2.52,77,6.24,5.7,62.8,37.8,4,"No",0
"PhD","Medium","Yes","Noisy",2.34,93.6,8.05,2.5,75.9,55.9,2,"No",0
"High School","Low","Yes","Noisy",1.59,87.3,7.26,2.9,100,100,3,"No",0
"Bachelor","High","Yes","Moderate",3.44,76.2,7.66,0,55.8,55.4,2,"No",0
"High School","Low","Yes","Moderate",3.24,72,6.4,0.1,88.6,79.8,0,"No",0
"Bachelor","Low","Yes","Moderate",3.12,85.9,6.6,4.9,71.5,80.7,1,"No",0
"Bachelor","High","Yes","Quiet",0.5,92,6.13,0,88.8,86.9,3,"No",0
"Master","Medium","Yes","Moderate",3.58,64,7.27,4.2,58,87.4,1,"No",0
"High School","Low","Yes","Quiet",2.08,82.5,6.22,3.1,51.3,36.6,3,"Yes",0
"High School","High","Yes","Quiet",2.8,74.1,6.38,0,82.9,61.9,2,"No",0
"Bachelor","Low","Yes","Noisy",3.96,75,5.38,3.2,82.3,80.8,1,"No",0
"High School","Medium","Yes","Quiet",3.12,77.8,5.83,0,67.1,71,2,"No",0
"High School","Medium","Yes","Moderate",2.72,97.4,7.69,4.9,76.5,61.3,2,"No",0
"High School","Low","Yes","Quiet",3.15,82.6,6.69,1.5,70.5,63.2,3,"No",0
"High School","Low","Yes","Quiet",2.2,97.8,8.09,2.9,100,83.3,0,"No",0
"Bachelor","Low","Yes","Moderate",2.51,85.2,9.22,4.1,40.8,96.3,4,"Yes",0
"High School","Medium","Yes","Quiet",3.68,95.3,7.38,3.6,80.9,42.6,1,"Yes",0
"High School","High","Yes","Quiet",2.47,100,6.72,2.4,75.8,61.3,3,"No",0
"High School","Low","Yes","Quiet",3.7,90.7,5.35,1.5,77.7,97.7,0,"Yes",0
"High School","Medium","No","Noisy",3.47,100,7.03,1.1,78.2,52.7,1,"Yes",0
"High School","Low","Yes","Quiet",3.3,65.2,7.42,5,92.6,78.3,3,"No",0
"High School","Low","Yes","Quiet",3.48,68.9,7.74,3.7,69.5,68,1,"No",0
"High School","Medium","Yes","Quiet",0.82,78,7.78,2.8,96.2,57.7,1,"No",0
"High School","High","Yes","Quiet",3.14,100,6.34,2.3,70.7,88.1,5,"No",0
"Bachelor","High","Yes","Quiet",1.86,83.7,5.17,3.1,97.7,56.4,4,"No",0
"High School","Low","Yes","Moderate",4.38,66,7.59,0.9,81.1,65.8,2,"No",0
"High School","Low","Yes","Quiet",2.87,88.1,5.62,4.7,77,56.7,2,"No",0
"High School","Medium","Yes","Moderate",1.73,83.2,7.35,0.7,82.1,61.8,3,"No",0
"High School","High","Yes","Quiet",2.64,75.8,8.42,4.2,94.5,84.8,2,"Yes",0
"Master","Low","Yes","Quiet",2.22,60.7,7,1.1,95.3,72.4,0,"No",0
"Bachelor","Low","Yes","Quiet",2.52,91.5,7.95,2.7,63.5,68.9,0,"Yes",0
"Master","High","Yes","Moderate",3.8,83.1,7.48,2.6,66.4,64.1,1,"No",0
"Bachelor","Medium","Yes","Moderate",1.56,91,7.13,3.3,76.5,55,1,"No",0
"High School","Medium","Yes","Quiet",1.09,67.9,7.63,1.1,91.8,81.9,1,"Yes",1
"Master","Low","Yes","Quiet",4.22,100,6.2,2.3,97,82.3,0,"No",1
"Master","Medium","No","Noisy",3.09,81.3,7.85,0,85.3,89.5,2,"No",1
"Master","Low","Yes","Quiet",2.2,100,7.89,2.5,84.5,100,3,"No",1
"Master","Medium","Yes","Noisy",4.61,76,5.88,1.3,64.4,63.8,0,"No",1
"Master","Low","Yes","Moderate",4.03,73.9,9.06,4,93.4,70.9,3,"No",1
"Bachelor","Medium","Yes","Noisy",3.34,71.4,6.54,6,63.9,43.9,2,"No",1
"High School","Medium","Yes","Noisy",4.01,90,7.85,2,68.3,56.8,3,"Yes",1
"High School","Low","Yes","Noisy",3.53,86.8,7.72,5.3,83.9,77.3,1,"No",1
"Bachelor","Medium","No","Moderate",2.79,75.3,7.52,1.6,100,94.8,2,"No",1
"Bachelor","Medium","Yes","Moderate",3.1,72.7,5.91,4.5,100,52.3,2,"No",1
"High School","Low","Yes","Moderate",3.79,92.8,7.89,1.4,94,52,0,"Yes",1
"High School","High","Yes","Quiet",3.78,88.6,7.72,2.4,81.5,57.6,3,"Yes",1
"Bachelor","Low","Yes","Noisy",4.55,90.6,6.73,1.2,66.5,81,3,"No",1
"Bachelor","Low","No","Moderate",3.52,81.6,5.99,3.1,86.9,86,3,"No",1
"High School","High","Yes","Moderate",3.18,79.4,7.18,3.3,88.2,82.9,4,"No",1
"Bachelor","Medium","Yes","Moderate",3.52,73.7,7.73,3.3,86.5,63.6,4,"No",1
"Bachelor","High","Yes","Quiet",3.59,78.4,5.12,3.7,99.4,91.9,1,"No",1
"Bachelor","High","Yes","Quiet",3.24,67.8,5.95,1.9,91.7,75,1,"No",1
"Bachelor","High","Yes","Quiet",3.6,82.6,7.72,0.4,70.1,76,4,"No",1
"High School","High","Yes","Moderate",2.49,79.1,7.1,2.3,70.4,88.8,3,"No",1
"High School","Low","Yes","Noisy",3.85,85.7,7.17,1.1,84,71.5,2,"No",1
"High School","Medium","Yes","Moderate",4.81,100,7.71,0.7,83.2,62,4,"No",1
"Master","Medium","Yes","Quiet",3.23,83.8,8.51,2.7,91.9,72.8,2,"No",1
"Bachelor","Low","Yes","Moderate",2.87,84.7,9.95,1.6,84.8,73.8,0,"Yes",1
"PhD","Medium","Yes","Moderate",3.34,82.9,9.89,2.2,80.2,84.6,2,"No",1
"Bachelor","High","Yes","Quiet",2.61,95,6.11,3.4,87.5,62.5,0,"No",1
"High School","Medium","Yes","Quiet",1.62,86.1,7.32,3.8,100,95.4,4,"No",1
"High School","High","Yes","Quiet",2.9,70.8,6.03,0,76.2,75.1,5,"No",1
"Master","High","Yes","Quiet",2.93,100,8.4,1.6,76.6,79.4,2,"No",1
"PhD","Medium","Yes","Moderate",4.86,74.5,6.78,1.2,82.2,48.2,2,"No",1
"High School","High","Yes","Quiet",2.52,78.5,5.55,5.2,100,71.6,2,"No",1
"Bachelor","Medium","Yes","Noisy",4.84,87.5,7,2.5,86.3,78.2,3,"No",1
"Master","Medium","Yes","Moderate",4.42,88.1,6.51,3,100,57,2,"No",1
"Master","Medium","Yes","Noisy",4.41,76.7,9.39,2.6,60.2,62,1,"No",1
"Master","High","Yes","Quiet",4.27,100,6.08,0.3,48.3,60.6,2,"No",1
"PhD","Medium","Yes","Quiet",6.1,76.9,5.74,0,83.9,49.2,0,"Yes",1
"Bachelor","Medium","Yes","Moderate",4.44,86.8,7.09,0,70.5,52.2,2,"Yes",1
"High School","High","Yes","Noisy",4,64.9,7.27,2.5,81.7,81.3,2,"No",1
"High School","Medium","Yes","Noisy",4.7,75.8,5.84,2.4,86.8,55.7,2,"No",1
"High School","Medium","Yes","Moderate",2.32,72.3,9.24,3.2,67.4,50,3,"No",1
"Bachelor","High","Yes","Quiet",4.56,93,7.4,1.9,85.6,77.2,3,"Yes",1
"Bachelor","High","Yes","Quiet",3.37,76.5,6.8,2.7,76.8,65,1,"Yes",1
"Master","Medium","No","Moderate",4.55,84.3,6.67,0,98.2,63.8,2,"No",1
"Bachelor","Low","Yes","Moderate",3.41,85.7,8.55,2,80.8,84.9,2,"No",1
"High School","Low","Yes","Moderate",1.69,100,6.95,6.2,87.9,65.8,2,"No",1
"Bachelor","Low","Yes","Quiet",3.32,87.5,4,3.8,66.3,59.7,4,"Yes",1
"Bachelor","Low","Yes","Moderate",5.26,88.5,7.58,2.1,88.2,54.4,2,"Yes",1
"Master","Medium","Yes","Moderate",2.29,84.9,8.22,2.5,77.5,72,3,"No",1
"High School","Low","Yes","Quiet",4.35,71.2,6.21,1.6,91.3,91.5,5,"No",1
"High School","Medium","Yes","Quiet",3.26,76.1,8.48,2.3,98,54.8,2,"No",1
"Bachelor","Low","Yes","Moderate",3.81,71.7,9.27,2.3,66.7,61.9,1,"No",1
"Bachelor","Medium","Yes","Moderate",3.85,87.7,6.46,0.4,81.4,92.4,2,"No",1
"Bachelor","High","No","Moderate",3.14,80.5,6.83,0.7,78.6,86.4,0,"No",1
"Bachelor","High","Yes","Moderate",1.57,85.1,6.16,1.3,100,65.4,2,"No",1
"Bachelor","Low","Yes","Quiet",4.08,78.3,6.72,0,85.3,61.5,3,"No",1
"High School","High","No","Quiet",5.11,85,6.71,4.4,89.8,88.7,3,"No",1
"Bachelor","Medium","Yes","Moderate",2.95,93.9,7.71,3.9,99.4,77.2,0,"No",1
"Bachelor","Medium","Yes","Quiet",3.17,84.5,5.74,2.5,69.1,90.5,0,"No",1
"Master","Medium","Yes","Noisy",3.7,83.6,7.69,1.2,76.9,82.7,2,"Yes",1
"PhD","Low","No","Moderate",2.7,85.3,8.42,2,94.1,68.8,1,"No",1
"Bachelor","High","Yes","Moderate",4.19,92.8,6.59,3,92.8,68.4,3,"No",1
"High School","High","Yes","Noisy",2.29,93.6,8.18,2.7,93.9,87.6,1,"Yes",1
"Bachelor","Medium","No","Quiet",5.19,87.7,7.44,3.5,84.1,87.7,3,"Yes",1
"Master","Medium","Yes","Noisy",4.64,80.1,6.47,1.4,84.3,84.5,2,"No",1
"Master","Medium","Yes","Moderate",4.58,82.2,8.98,1.9,58.8,69.3,2,"Yes",1
"Bachelor","Low","Yes","Moderate",3.31,85.5,7.38,1.2,89.3,55.8,1,"No",1
"Bachelor","Low","Yes","Noisy",2.42,73.5,7.87,0,100,61.6,1,"No",1
"High School","High","Yes","Quiet",3.93,90.8,7.27,2.8,73.9,52.9,1,"No",1
"Bachelor","Medium","Yes","Quiet",0.82,82.8,7.42,1.1,100,73.6,3,"No",1
"Bachelor","High","Yes","Moderate",5.12,79.2,8.65,2.2,83.6,82.8,3,"No",1
"Bachelor","Low","Yes","Moderate",3.21,76.1,6.53,4.9,73.3,73,0,"Yes",1
"High School","High","Yes","Quiet",4.28,89,6.46,3.1,77.8,95.2,1,"Yes",1
"High School","Medium","Yes","Moderate",3.08,96.5,6.84,0,100,55.8,4,"Yes",1
"Bachelor","Low","Yes","Quiet",6.14,68.6,8.44,0,86.3,100,2,"Yes",1
"Bachelor","Medium","Yes","Noisy",2.99,93.3,6.16,2.7,86.4,83.6,2,"No",1
"Master","Low","Yes","Moderate",3.62,100,5.85,2.7,79.7,64.1,2,"No",1
"Master","High","Yes","Quiet",2.52,100,6.76,6.6,100,88.9,4,"Yes",1
"Bachelor","Medium","Yes","Quiet",3.6,83,5.88,4.3,78.3,61.1,1,"No",1
"High School","Low","Yes","Quiet",3.88,89.8,7.83,2.9,66,79.7,2,"Yes",1
"High School","Low","Yes","Noisy",4.19,88.9,6.78,0.2,100,54.2,1,"No",1
"High School","Medium","Yes","Quiet",2.9,99.7,5.52,3.5,76.8,71.8,1,"No",1
"High School","High","No","Quiet",4.39,100,8.09,1.9,81.9,62.4,3,"No",1
"Bachelor","High","Yes","Quiet",2.34,96.9,7.74,1.5,87.7,78.8,3,"No",1
"High School","High","Yes","Moderate",2.57,74.9,7.64,0.6,74,88.5,0,"Yes",1
"High School","Medium","Yes","Moderate",4.22,79.3,9.37,3.6,85.1,27.8,2,"Yes",1
"High School","High","Yes","Quiet",3.75,85.9,7.41,1.5,85.3,59.5,2,"Yes",1
"Master","Medium","Yes","Quiet",3.3,86.8,6.71,3,74.6,100,1,"No",1
"Bachelor","Medium","Yes","Moderate",3.05,70.3,10,1.2,68,100,2,"No",1
"High School","Medium","Yes","Quiet",3.96,88,5.78,2.6,84.1,91.6,0,"No",1
"Master","Medium","Yes","Moderate",5.36,83.9,6.22,0.8,57.9,95.9,3,"No",1
"High School","Medium","Yes","Quiet",3.17,88.4,7.68,1.5,80.7,63.9,2,"No",1
"Master","Medium","Yes","Quiet",1.45,95.1,7.67,4,85.3,91.3,4,"No",1
"Bachelor","High","Yes","Quiet",3.7,78,5.79,1.3,74.9,93.1,5,"Yes",1
"Bachelor","High","Yes","Noisy",3.12,72.1,6.83,1.1,63.2,78.5,0,"Yes",1
"Master","Medium","Yes","Quiet",1.38,63,7.53,1.8,59.9,81.2,0,"No",1
"High School","Medium","No","Quiet",4.17,80.7,8.48,0.7,91.4,79,1,"No",1
"Bachelor","Medium","Yes","Quiet",4.59,81,4.89,0.7,81.8,45.6,3,"No",1
"High School","Low","Yes","Noisy",3.95,88.2,6.21,1.5,81.3,88.8,2,"No",1
"Bachelor","High","Yes","Quiet",2.12,79.2,7.35,3.7,96.1,88.2,3,"Yes",1
"High School","Medium","No","Quiet",4.32,83.3,9.23,1.9,70.7,51.6,2,"Yes",1
"Bachelor","Low","Yes","Quiet",5.33,91.5,7.81,3.3,71.8,63.8,2,"No",1
"High School","Low","Yes","Quiet",4.62,88.6,6.42,1.9,100,78.9,1,"No",1
"Master","Low","Yes","Moderate",3.2,91,7.21,2.3,75.3,60.9,3,"Yes",1
"High School","High","Yes","Quiet",4.5,89.6,5.57,0,100,49.7,1,"No",1
"Master","Medium","Yes","Quiet",4.73,76.7,8.08,1.1,67.3,75.8,3,"No",1
"Master","High","Yes","Noisy",3.96,82.1,6.56,3,68.8,76.1,2,"No",1
"PhD","Low","Yes","Quiet",2.81,100,7.83,3.6,77,89.4,1,"No",1
"Master","Medium","Yes","Quiet",3.66,84.5,8.38,2.1,78.1,90.9,0,"No",1
"Bachelor","High","Yes","Moderate",4.34,92.3,5.82,4,77.1,54.2,1,"Yes",1
"High School","Low","Yes","Moderate",3.4,79.1,6.57,1.1,77.4,76.4,3,"No",1
"Master","Low","Yes","Noisy",2.04,90.6,7.13,1.7,82.4,59.6,2,"No",1
"Bachelor","High","Yes","Moderate",3.72,61.9,6.9,0.2,63.7,59,2,"No",1
"Bachelor","Low","Yes","Quiet",2.53,90.8,5.29,1.3,83.5,61.8,2,"No",1
"Master","High","Yes","Quiet",5.08,94.9,6.75,1.9,86.1,65.4,2,"No",1
"Bachelor","Medium","Yes","Noisy",3.06,93.5,6.18,3.2,84.7,44.3,3,"No",1
"High School","Medium","Yes","Quiet",3.56,86,6.52,1.4,94,59.3,4,"Yes",1
"Master","Medium","Yes","Quiet",3.38,95.1,6.41,3.9,100,48.5,2,"Yes",1
"High School","Low","No","Moderate",4.31,70.4,6.4,3.6,76.4,95.1,3,"No",1
"Master","Medium","Yes","Quiet",4.26,95.7,8.7,0,90.9,78,1,"No",1
"High School","Medium","Yes","Quiet",3.93,95.6,8.21,3.8,80.2,67.3,2,"Yes",1
"Master","Low","Yes","Moderate",4.47,87,7.29,4.4,79.1,90,1,"Yes",1
"Master","Low","Yes","Noisy",4.27,91.7,6.5,3.1,100,63,0,"No",1
"Master","Low","No","Moderate",4.59,82.9,8.15,3.4,45.4,66.4,1,"Yes",1
"High School","Low","Yes","Noisy",3.51,77.6,7.48,0.9,86.3,70,1,"No",1
"Master","Low","Yes","Noisy",4.2,84.2,8.01,1.2,61.6,70.5,1,"Yes",1
"Bachelor","Low","Yes","Noisy",4.37,82.5,5.42,2.4,70.5,74.6,0,"No",1
"Bachelor","Medium","Yes","Quiet",2.31,91.6,5.82,2.5,99.9,92.5,0,"No",1
"Bachelor","High","Yes","Moderate",4.55,90.1,8.16,3.7,68.4,60.6,1,"Yes",1
"High School","High","Yes","Moderate",2.89,92.6,6.77,2.4,91.8,76.4,2,"No",1
"Master","Low","No","Noisy",2.73,80.4,5.9,1,92,81.9,1,"No",1
"High School","Low","No","Noisy",2.84,89,6.06,2.9,100,62.3,2,"No",1
"PhD","Medium","Yes","Quiet",4.01,86,8.17,1.2,52.5,91.4,4,"Yes",1
"High School","High","Yes","Quiet",1.92,75.8,8,1.3,94.2,61.3,3,"No",1
"Bachelor","Medium","No","Noisy",3.69,64.3,8.58,1.2,68.1,81.8,2,"No",1
"Bachelor","Medium","Yes","Quiet",2.51,73.1,6.45,3.2,82.2,72.3,0,"Yes",1
"Master","Low","Yes","Quiet",2.17,89.8,6.03,0.7,63.7,87.2,1,"Yes",1
"High School","Medium","Yes","Moderate",3.43,95.3,5.95,2.8,55.7,61.1,0,"Yes",1
"Master","Medium","Yes","Quiet",3.95,80.7,5.87,2.7,82.7,63.8,1,"Yes",1
"High School","Low","Yes","Moderate",4.58,77.3,8.73,0.3,88.1,96,2,"Yes",1
"High School","Low","Yes","Noisy",2.6,91.6,7.56,3.5,100,60.3,0,"Yes",1
"High School","Low","No","Moderate",3.88,88.7,4.12,2,96.2,55.1,1,"Yes",1
"High School","High","Yes","Quiet",4.39,100,6.58,5.2,48,63.2,3,"No",1
"Bachelor","High","Yes","Quiet",2.77,80.9,6.82,3,84,59.8,4,"Yes",1
"High School","Medium","Yes","Quiet",3.42,93.8,7.47,2.8,63,70.6,2,"Yes",1
"Master","Low","Yes","Quiet",4.91,88.9,6.01,0,93.8,66.1,1,"No",1
"Bachelor","Medium","Yes","Quiet",4.81,93.4,6.36,2.3,79.6,50.8,1,"Yes",1
"Master","Medium","Yes","Quiet",4.23,83.3,7.31,1,86.3,50.8,1,"No",1
"Bachelor","High","Yes","Quiet",1.98,90.7,7.13,1.6,52,72.3,1,"No",1
"Bachelor","Medium","Yes","Moderate",5.16,97,7.62,3.7,90.2,76.4,5,"No",1
"PhD","Medium","Yes","Quiet",3.39,74.3,7.93,0,88.4,55.5,3,"No",1
"Master","Low","Yes","Noisy",3.6,99,7.89,2,60.2,72,3,"No",1
"Bachelor","Low","No","Quiet",5.37,91.1,6.51,6.8,60.1,65.9,0,"No",1
"Bachelor","Low","Yes","Quiet",2.07,89.3,7.08,1.9,82,79.2,0,"Yes",1
"Bachelor","Medium","Yes","Quiet",5.03,78.8,6.74,1.4,62.8,70.5,1,"No",1
"High School","Medium","Yes","Quiet",2.3,87.6,7.23,1.3,67,56.6,4,"Yes",1
"Bachelor","High","Yes","Quiet",3.47,100,6.41,3.2,77.5,66.4,3,"No",1
"Bachelor","Low","Yes","Quiet",3.45,81.1,7.84,1.5,100,66.4,3,"No",1
"Bachelor","Low","Yes","Moderate",2.53,94.1,6.21,4.5,97.3,47.8,2,"Yes",1
"Master","Medium","Yes","Moderate",4.01,97.4,5.9,2.4,53.6,73,1,"No",1
"Bachelor","Medium","Yes","Moderate",2.49,76.2,5.64,1,76.9,66.2,1,"Yes",1
"Master","Medium","Yes","Moderate",2.5,87.5,7.29,4.4,93.9,81,1,"No",1
"Master","Medium","Yes","Quiet",4.2,100,7.22,2.4,62.7,76.1,2,"Yes",1
"Master","Low","Yes","Quiet",3.06,89,6.55,0.5,56.4,57.6,3,"Yes",1
"Master","Medium","No","Noisy",4.38,75.5,7.49,2.3,81.7,100,3,"No",1
"Bachelor","Medium","Yes","Quiet",3.84,81.8,7.99,0.9,89.6,68.4,4,"No",1
"High School","Low","Yes","Quiet",2.36,89.1,5.96,0,86.1,54.5,2,"No",1
"High School","High","Yes","Noisy",5.03,74.5,7.07,3.3,82.8,100,2,"No",1
"Bachelor","Medium","Yes","Moderate",3.31,86.2,5.08,4.2,98.1,65.5,2,"Yes",1
"High School","Low","Yes","Noisy",2.38,83.2,7.31,2.5,88.4,54.7,1,"No",1
"Bachelor","Low","Yes","Moderate",3.38,92,6.88,1.3,81.9,69.9,3,"No",1
"High School","Medium","Yes","Noisy",3.53,90.7,8.27,1.4,90.5,55.2,1,"No",1
"Master","Medium","Yes","Moderate",5.16,81,5.97,2.2,98.3,62,0,"No",1
"Master","Low","Yes","Moderate",4.39,79.1,7.79,1.6,92.4,77.7,3,"No",1
"Bachelor","Medium","Yes","Moderate",3.28,74,6.3,0.5,94,97.3,1,"No",1
"Master","Medium","No","Quiet",4.02,76.8,7.86,2.1,81.3,84.2,1,"Yes",1
"Master","Medium","Yes","Quiet",2.85,92.9,7.07,2.9,90.3,61.1,4,"No",1
"High School","Medium","Yes","Quiet",1.62,81,6.99,1.6,97.2,78.5,5,"No",1
"High School","Low","Yes","Quiet",4.03,70.4,5.14,4.1,95.7,43.1,3,"Yes",1
"High School","High","Yes","Moderate",3.3,88.6,6.87,2.8,67.6,62.3,3,"Yes",1
"Bachelor","Low","Yes","Quiet",4.16,99.8,6.31,2.9,89.1,78.8,0,"Yes",1
"PhD","Medium","Yes","Noisy",4.79,97.8,6.13,1.3,100,58,2,"No",1
"Master","Medium","Yes","Moderate",3.81,93.1,7.7,2.8,87.3,83.3,2,"Yes",1
"High School","Medium","Yes","Quiet",3.35,99.8,7.17,3.1,75.2,65.8,1,"Yes",1
"Bachelor","Low","Yes","Moderate",3.34,94.4,7.49,1.4,83.2,71.2,1,"No",1
"Bachelor","Medium","Yes","Moderate",3.18,83.8,6.51,0.8,67.9,86.1,4,"No",1
"High School","Medium","Yes","Quiet",2.45,100,6.96,1.4,79.7,77,5,"No",1
"Master","Low","Yes","Moderate",4.12,77.3,7.72,3,77,86,4,"Yes",1
"Master","Low","Yes","Noisy",4.54,100,5.49,3.6,81.7,81.9,7,"No",1
"High School","Low","Yes","Quiet",3.25,100,6.61,0.6,90.2,38.7,3,"Yes",1
"High School","Medium","Yes","Quiet",3.42,93.2,5.2,1.3,100,51.7,1,"No",1
"High School","High","Yes","Quiet",5.35,76.2,6.64,1.9,97.5,82.2,1,"Yes",1
"Master","Medium","Yes","Quiet",4.52,94.8,7.08,0,85.5,73.9,4,"No",1
"PhD","Medium","No","Quiet",3.64,84,6.17,3.9,90.3,65.3,1,"No",1
"Bachelor","Medium","Yes","Quiet",2.94,96.2,6.36,3.1,100,73.4,0,"No",1
"Master","Medium","Yes","Moderate",1.48,96.7,6.86,1.3,100,89.6,2,"Yes",1
"Master","High","Yes","Moderate",2.58,92.6,5,2.1,98.2,95,3,"No",1
"Bachelor","Medium","Yes","Quiet",1.99,83.5,5.9,4.2,81.9,67,2,"No",1
"Bachelor","Low","Yes","Quiet",3.63,88.1,6.09,3.4,80.9,77.7,2,"No",1
"Bachelor","High","Yes","Quiet",4.44,97.1,6.39,2.6,67.7,82.1,4,"No",1
"Bachelor","Medium","Yes","Moderate",4.61,84.9,6.97,1.3,73.7,82.7,2,"No",1
"Bachelor","Medium","Yes","Quiet",2.3,100,8.36,0.8,86.8,73.6,1,"Yes",1
"High School","Medium","No","Noisy",4.31,91,5.77,5.5,75.8,65.8,1,"Yes",1
"High School","Medium","Yes","Moderate",4.1,98.6,7.62,3.4,75.9,66.7,3,"No",1
"Master","Low","Yes","Moderate",3.07,100,7.03,1.3,86.8,70.8,0,"No",1
"Master","Medium","Yes","Quiet",4.41,94.6,6.88,2.4,87.6,51.1,4,"No",1
"Master","High","Yes","Quiet",3.36,74.4,6.56,0.4,93.2,57.1,2,"No",1
"Bachelor","Low","Yes","Moderate",4.19,71.9,6.91,0.8,68.8,44.9,2,"Yes",1
"PhD","High","Yes","Moderate",5.09,63.4,7.61,1.4,100,50.8,1,"Yes",1
"Bachelor","Medium","Yes","Noisy",5.08,97,7.12,4.5,95.9,38.5,1,"No",1
"Bachelor","Medium","Yes","Moderate",2.68,82.8,7.64,0.2,81.8,60.3,1,"Yes",1
"Bachelor","Medium","Yes","Moderate",3.16,79.5,6.12,2.1,100,90.3,2,"No",1
"High School","Medium","Yes","Moderate",5.75,66.6,6.55,4.1,91.7,80.5,0,"No",1
"Bachelor","High","Yes","Noisy",3.93,100,6.25,0,84.6,66.7,3,"Yes",1
"High School","Medium","Yes","Moderate",4.39,94.3,6.96,0.2,84.6,65.4,3,"No",1
"Bachelor","High","Yes","Moderate",4.58,76.5,6.86,3.2,97.7,100,2,"No",1
"High School","High","Yes","Moderate",3.89,86,5.52,1.4,85.2,70.1,0,"Yes",1
"Bachelor","Medium","Yes","Moderate",0.8,78.6,6.05,0.6,56,88.5,3,"No",1
"Bachelor","Medium","No","Quiet",2.8,100,6.04,2.3,99.4,59,3,"No",1
"Bachelor","Medium","Yes","Moderate",3.87,100,6.39,2.4,87.3,93.8,0,"No",1
"PhD","Medium","Yes","Noisy",3.96,100,8.35,2,87.5,96.6,1,"No",1
"High School","Medium","No","Moderate",4.68,79.3,5.49,0,100,92.7,2,"No",1
"Master","High","Yes","Noisy",5.37,89.1,7.73,2.2,86.7,58.4,2,"Yes",1
"High School","High","Yes","Moderate",3.61,75.4,7.39,1.5,70,68.4,2,"No",1
"Master","Low","Yes","Moderate",3.55,73.3,6.61,1.9,59,69.1,2,"No",1
"Master","High","Yes","Noisy",3.2,96.7,7.9,2.2,65.3,81.8,1,"No",1
"Bachelor","High","Yes","Moderate",4.18,97.2,7.75,1.9,74.4,87.9,2,"No",1
"Bachelor","Medium","Yes","Moderate",3.22,98.3,8.1,2.1,42.7,76.1,1,"No",1
"High School","High","No","Quiet",3.05,95.5,5.65,1,100,40.8,3,"No",1
"High School","High","Yes","Moderate",4.28,87.8,7.12,2.9,70.7,77.2,1,"No",1
"Master","Low","Yes","Moderate",1.38,82,6.52,0.7,67.2,76.6,2,"No",1
"High School","High","Yes","Quiet",5.58,93.5,7.32,3.7,78.5,54.8,1,"No",1
"PhD","High","Yes","Moderate",5.28,100,7.63,2.7,64.7,54.5,0,"Yes",1
"Master","Medium","Yes","Noisy",4.21,93.8,8.02,1.2,92.7,27.9,0,"Yes",1
"High School","High","Yes","Moderate",3.24,79.2,7.02,1.5,90.5,90.9,0,"No",1
"Bachelor","Medium","Yes","Moderate",3.82,86.8,8.03,3.2,84.4,77.1,2,"No",1
"High School","Low","Yes","Quiet",4.86,74.6,6.64,5,69.4,72.8,1,"No",1
"High School","Medium","No","Moderate",7.24,72.4,7.07,3,62.1,71.8,4,"No",1
"Bachelor","High","Yes","Moderate",4.68,87.5,7.33,2.6,87.2,39.9,1,"No",1
"Bachelor","Low","Yes","Moderate",2.51,78.1,7.52,1.2,100,84.5,2,"No",1
"High School","Low","Yes","Quiet",4.37,87.8,6.87,3.1,92.2,62.4,1,"No",1
"High School","Medium","Yes","Noisy",4.58,76.5,7.09,0.8,68.4,49.7,3,"No",1
"Bachelor","Medium","No","Moderate",3.79,99.2,8.13,6.4,86.6,49.5,3,"Yes",1
"Bachelor","Medium","Yes","Moderate",3.21,75.2,7.54,1.7,94.4,85,0,"No",1
"Bachelor","High","Yes","Moderate",3.29,85.7,8.21,0.6,81.4,72.7,1,"Yes",1
"High School","Medium","Yes","Quiet",2.83,77.5,7.92,1.5,94,72.6,2,"Yes",1
"Bachelor","Medium","Yes","Moderate",2.72,100,8.13,3.2,75.2,75.9,5,"No",1
"PhD","Medium","Yes","Noisy",3,87.4,6.32,2.1,91.7,80.5,2,"Yes",1
"Bachelor","Low","Yes","Quiet",4.41,90.7,7.61,1.5,58.3,100,2,"No",1
"Bachelor","Medium","Yes","Moderate",3.16,68.9,6.86,2.9,97.5,59.7,1,"No",1
"High School","Medium","Yes","Noisy",1.53,95.3,6.92,1.4,59.6,69.5,3,"No",1
"PhD","Medium","Yes","Moderate",3.04,90.5,6.99,0.9,79.2,56.2,5,"Yes",1
"High School","Medium","Yes","Moderate",2.16,98.4,6.12,3.4,74.1,84.9,3,"No",1
"Bachelor","High","Yes","Moderate",3.57,74.5,6.8,1.7,73.3,68.4,0,"No",1
"High School","High","Yes","Noisy",5.22,85,7.03,2,72.9,52.6,1,"No",1
"High School","Low","Yes","Quiet",2.93,70.6,5.43,3.2,72.9,61.7,5,"No",1
"High School","Low","Yes","Quiet",3.89,84.2,8.78,0,72,68.6,3,"No",1
"High School","Medium","Yes","Moderate",6.02,81.4,6.12,2.4,100,41.7,1,"No",1
"High School","Medium","Yes","Quiet",4.09,76.1,8.43,3.1,100,77.5,3,"No",1
"High School","Low","Yes","Quiet",3.89,94.8,5.61,3.4,85,65.6,3,"No",1
"Bachelor","High","Yes","Quiet",4.41,78.6,6.26,2.4,96.9,88.9,0,"Yes",1
"Master","Medium","Yes","Moderate",3.29,100,7.64,2.7,74.4,100,3,"No",1
"High School","Low","Yes","Quiet",3.13,82.6,6.85,1.7,100,92.8,2,"No",1
"Bachelor","Low","Yes","Quiet",3.28,82.4,7.77,2,72.7,44.7,3,"No",1
"High School","Medium","No","Quiet",2.58,94.9,6.64,2.8,63.1,65.4,4,"No",1
"Bachelor","Low","Yes","Quiet",3.46,94.5,7.9,0.4,92.6,96.7,2,"No",1
"Master","High","Yes","Moderate",1.51,76.1,7.05,0.6,95.5,70,3,"No",1
"High School","Medium","Yes","Moderate",1.77,92.5,9.56,1.6,71.4,77.2,3,"No",1
"Master","Low","Yes","Noisy",4.5,96.7,7.46,4.2,68.2,68.2,4,"No",1
"Bachelor","High","Yes","Quiet",4.22,99.2,6.43,1.2,100,73.2,0,"No",1
"Bachelor","Medium","Yes","Moderate",5.11,77.4,5.92,2.4,95.4,90.7,1,"No",1
"Bachelor","High","Yes","Quiet",4.24,100,9.63,2.3,80.5,68.6,1,"No",1
"High School","Medium","Yes","Moderate",5.23,84.3,5.78,2.4,95,67.5,2,"No",1
"High School","Low","Yes","Moderate",6.12,73.1,8.46,2.2,67.8,82.8,0,"Yes",1
"Master","Medium","Yes","Moderate",1.95,95.5,7.1,3.3,73.7,74.8,7,"No",1
"Bachelor","Medium","Yes","Quiet",3.64,79,8.96,3.4,71.8,67.5,0,"No",1
"Master","Low","Yes","Noisy",3.12,93.6,10,3.8,74.5,72.3,3,"No",1
"Master","Medium","Yes","Quiet",4.12,81.7,5.73,3.4,87.9,67.6,2,"No",1
"Bachelor","Medium","No","Moderate",3.89,80.7,7.02,4.1,83.1,91.3,3,"Yes",1
"Bachelor","High","No","Quiet",3.29,75.8,6.35,0,96.4,65.7,2,"No",1
"Master","Medium","Yes","Quiet",2.45,100,8.57,1.5,85,70.6,3,"No",1
"High School","Low","Yes","Moderate",4.93,88.9,6.85,2.7,48.8,83,2,"Yes",1
"Bachelor","Medium","Yes","Quiet",3.56,98.3,6.62,3.6,76.1,74.6,0,"No",1
"High School","Medium","Yes","Quiet",2.99,80.4,8.61,0,80.8,78.8,4,"No",1
"Bachelor","Low","Yes","Quiet",2.92,76.1,8.42,0.7,100,57.5,2,"No",1
"Bachelor","Medium","Yes","Moderate",3.59,89.3,7.8,2,76,65.1,2,"No",1
"Bachelor","Medium","Yes","Moderate",3.66,100,7.97,3,80.8,63.9,1,"No",1
"Bachelor","High","Yes","Moderate",3.85,100,8.94,4.5,75.7,85.2,2,"No",1
"Master","Medium","Yes","Moderate",4.3,92.4,7.15,2.7,75,57.7,1,"Yes",1
"High School","Low","Yes","Moderate",2.74,82.4,8.47,0.3,83.7,79.7,1,"Yes",1
"PhD","Low","Yes","Moderate",3.24,81.1,6.67,2.9,87.3,60.2,1,"No",1
"Bachelor","Low","No","Moderate",4.88,100,8.32,2.8,100,74.7,3,"Yes",1
"Bachelor","Medium","Yes","Quiet",2.24,90.4,5.85,2.1,98.6,80.1,3,"No",1
"High School","Medium","Yes","Quiet",2.84,86.6,8.18,3.4,83.1,54.5,1,"No",1
"Bachelor","Medium","Yes","Quiet",2.57,86.7,7.05,1.4,83.4,82.4,2,"Yes",1
"Bachelor","Medium","Yes","Quiet",3.85,79.9,6.25,2.8,97.9,87,1,"No",1
"Master","Medium","Yes","Quiet",5.21,100,8.14,0.4,80.2,91.6,1,"No",1
"High School","Medium","Yes","Moderate",2.63,81.8,7.7,1.8,83.6,83.1,2,"No",1
"PhD","Medium","Yes","Quiet",3.67,98.7,6.48,5.3,100,68.1,2,"No",1
"Bachelor","Medium","Yes","Moderate",3.09,84.1,8.7,1.9,60.7,77.9,0,"No",1
"Bachelor","High","Yes","Moderate",5.55,81.1,8.76,2.8,94.4,65.1,0,"No",1
"Bachelor","Low","Yes","Noisy",4.71,95.8,7.47,2.2,74.5,88,2,"No",1
"PhD","Medium","Yes","Quiet",5.27,100,7.82,4.3,86.3,68.8,2,"No",1
"Bachelor","Medium","Yes","Moderate",4.95,100,8.21,3.4,88.9,44.3,3,"No",1
"Master","High","Yes","Moderate",2.16,98.9,6.07,1.6,100,70.7,1,"No",1
"High School","Medium","Yes","Quiet",3.65,79.6,8.39,2.1,73.4,96.2,0,"No",1
"Bachelor","Low","Yes","Moderate",3.2,99.2,6.68,3,68.2,85.5,0,"No",1
"Bachelor","Medium","Yes","Quiet",3.16,66.7,6.49,2,57,65.8,1,"Yes",1
"Master","Medium","Yes","Quiet",2.91,87.8,6.82,2.8,91.5,65.7,1,"Yes",1
"Bachelor","Medium","Yes","Quiet",4.1,88,7.26,1.1,78,69.1,2,"Yes",1
"High School","Low","Yes","Quiet",2.07,98.4,6.33,3.1,87.5,68.4,2,"No",1
"Bachelor","Low","Yes","Noisy",4.09,77.3,8.75,1.7,78.4,57.8,1,"No",1
"Bachelor","High","Yes","Noisy",6.13,97,5.67,3.7,65.5,40.2,4,"No",1
"Bachelor","Medium","Yes","Noisy",1.95,78.5,5.24,0.5,65.9,83.9,0,"Yes",1
"Master","Medium","Yes","Moderate",3.75,94,8.13,1,98.3,100,2,"Yes",1
"High School","Medium","Yes","Noisy",5.86,92.8,5.62,2.9,64.5,50.5,2,"Yes",1
"High School","High","Yes","Noisy",3.3,87,8.13,2.1,99.1,71.4,4,"No",1
"High School","Medium","Yes","Moderate",2.28,93,5.62,0.1,84.9,56.5,3,"No",1
"Master","Low","Yes","Noisy",3.5,75.6,6.6,1.7,100,71.1,2,"No",1
"Bachelor","Low","Yes","Quiet",4.37,93.6,5.49,0.7,85.5,79.6,2,"Yes",1
"High School","Medium","Yes","Moderate",4.87,84.4,6.87,0,80,58.4,1,"No",1
"Bachelor","Medium","Yes","Moderate",4.83,100,8.56,3.5,55.1,78.6,2,"No",1
"Bachelor","Medium","Yes","Quiet",4.19,83.4,5.76,2.1,100,53.7,1,"Yes",1
"Master","Medium","Yes","Quiet",3.78,82.1,5.89,2.2,69.8,58.6,3,"No",1
"High School","Medium","No","Noisy",3.68,90.3,5.79,4.7,93.3,62.8,0,"No",1
"Bachelor","Medium","Yes","Noisy",2.66,86.1,6.3,3.4,87.9,95.6,1,"No",1
"PhD","Medium","Yes","Quiet",3.18,84.2,5.73,0.9,85.8,56.6,4,"No",1
"High School","Low","No","Quiet",2.37,80.7,4.77,4.4,84.8,78.3,3,"No",1
"PhD","Medium","Yes","Noisy",5.81,79.5,7.06,5.3,71.9,73.6,1,"No",1
"Bachelor","Low","Yes","Quiet",2.94,86.8,6.81,0,65.4,31.8,1,"No",1
"Master","Low","Yes","Quiet",3.82,64.2,7.1,1.5,90.4,76.1,3,"No",1
"Bachelor","Low","No","Moderate",2.25,98.8,7.09,5.6,80.2,77.2,0,"Yes",1
"Bachelor","Low","Yes","Quiet",5.24,97.1,9.34,3.6,77.2,53,3,"No",1
"High School","Medium","Yes","Quiet",1.94,97.1,7.75,2.7,81,56.9,1,"No",1
"High School","Medium","Yes","Moderate",1.95,85.5,7.89,1.8,93.7,88.7,4,"Yes",1
"High School","Medium","Yes","Quiet",1.41,92,7.24,1.2,93.8,54.5,2,"No",1
"Bachelor","Low","Yes","Moderate",5.49,96.7,6.02,0.1,82.3,67.5,1,"No",1
"High School","Medium","Yes","Quiet",4.32,100,6.14,3.5,88.7,51.6,3,"No",1
"High School","Low","Yes","Noisy",2.63,67.8,6.86,1,68.7,43.6,2,"No",1
"High School","Low","Yes","Moderate",2.71,84.2,8.4,3.2,83.2,56.1,2,"No",1
"High School","Low","Yes","Moderate",3.1,91.3,7.56,0,70.7,77.3,3,"No",1
"High School","Medium","Yes","Moderate",3.43,73.2,6.05,2.3,83,89.1,1,"No",1
"Bachelor","Medium","Yes","Quiet",4.44,86.2,7.4,1.8,71.5,78.6,1,"No",1
"Bachelor","Medium","Yes","Quiet",2.49,80.5,6.41,1.2,71.4,88.9,4,"No",1
"Master","Medium","Yes","Noisy",5.34,71.1,6.6,2.6,91.6,100,3,"No",1
"High School","Low","Yes","Noisy",5.3,100,6.7,4.4,59.6,86.6,5,"No",1
"Bachelor","Medium","Yes","Noisy",3.19,100,8.38,0.1,89.1,80.2,0,"Yes",1
"Master","Low","Yes","Noisy",2.14,99.5,7.64,3.9,88.5,78.7,1,"Yes",1
"High School","Medium","Yes","Noisy",3.68,77.8,8.3,4.8,84.2,55.9,2,"No",1
"Master","Medium","Yes","Quiet",2.63,78.6,6.21,1.5,84.2,48.2,2,"No",1
"Master","Low","No","Moderate",2.94,73.4,6.1,0,75.7,91.1,5,"Yes",1
"Bachelor","High","Yes","Moderate",4.21,91.1,7.85,5.9,79.8,76,0,"No",1
"High School","Low","No","Noisy",2.43,77.2,6.47,1.3,72.3,81.6,2,"No",1
"Master","High","Yes","Quiet",3.91,95.8,5.93,3.4,88,80.3,4,"No",1
"High School","Medium","Yes","Moderate",4.05,83.7,5.62,3,96.4,66.3,2,"No",1
"Master","Medium","Yes","Quiet",3.33,94.9,6.74,0,78.9,44.1,4,"No",1
"High School","High","Yes","Quiet",2.56,59.6,9.19,1.4,96,71.6,3,"Yes",1
"Bachelor","Medium","Yes","Noisy",1.37,84.7,9.49,1.7,100,78.2,3,"No",1
"Bachelor","Medium","Yes","Quiet",2.97,100,7.82,3.9,83,50.7,5,"Yes",1
"High School","Medium","Yes","Quiet",3.17,92.4,7.61,1.9,92.5,57,0,"Yes",1
"Master","Medium","Yes","Moderate",3.19,96.9,7.15,0,81.7,75.6,1,"No",1
"Bachelor","Medium","No","Moderate",3.56,100,6.55,4.8,66.6,80.7,3,"No",1
"High School","High","Yes","Moderate",2.17,72.7,6.95,3.3,58.1,75.6,4,"Yes",1
"High School","Medium","Yes","Quiet",2.31,96.2,6.94,2.3,74.7,81.5,0,"Yes",1
"Master","Medium","No","Moderate",3.52,92.8,6.07,1.1,74.6,56.8,1,"No",1
"High School","Medium","Yes","Quiet",2.36,78.3,8.93,0.7,67.6,71.8,2,"No",1
"Master","High","Yes","Noisy",3.17,83.3,6.4,1.2,100,86.4,0,"No",1
"High School","Low","Yes","Noisy",4.39,92.2,7.41,2,67.8,70.2,2,"No",1
"Bachelor","Low","Yes","Quiet",3.43,87.4,6.73,0,86.2,74.5,4,"No",1
"High School","Low","Yes","Moderate",5.39,89.3,6.28,4.5,75.8,61,1,"No",1
"Bachelor","Low","Yes","Moderate",3.19,85.4,8.35,2.6,98.8,66.4,1,"Yes",1
"Bachelor","Low","Yes","Quiet",4.64,94,9.54,1.6,79.3,40.5,1,"No",1
"Master","Low","Yes","Quiet",4.37,70.4,6.81,3.5,86.7,96.9,4,"No",1
"PhD","Low","Yes","Moderate",5.07,96.7,6.07,0,42.4,66.3,1,"Yes",1
"PhD","Medium","No","Moderate",2.93,90.2,6.71,1.8,76.8,94.7,0,"No",1
"Bachelor","Medium","Yes","Moderate",2.22,74.1,9.1,3.3,98.7,65.4,2,"No",1
"Master","Medium","Yes","Quiet",2.99,81.8,6.66,0.7,68.4,60.7,2,"No",1
"Master","Medium","Yes","Quiet",3.06,85.5,6.35,1.1,58.9,87.2,1,"No",1
"Bachelor","Medium","Yes","Quiet",3.81,80.6,6.81,0.1,92.5,76.9,0,"No",1
"High School","Low","Yes","Quiet",3.65,94,7.37,2.7,76.5,72.7,4,"Yes",1
"High School","Medium","Yes","Noisy",3.81,90.9,7.59,3.4,76.4,74.3,2,"No",1
"High School","Medium","Yes","Moderate",2.15,99.9,7.6,0,76.9,81.3,2,"No",1
"PhD","Low","Yes","Quiet",3.42,95.2,6.78,0,51.7,89.3,2,"No",1
"Bachelor","Low","Yes","Moderate",3.49,80.8,8.07,4.3,76.5,64.7,1,"No",1
"Bachelor","Low","Yes","Moderate",2.89,98.9,7.02,1.6,88.2,57,1,"No",1
"PhD","Medium","Yes","Noisy",1.95,71.4,7.83,1.3,85.7,69.2,3,"Yes",1
"Bachelor","Medium","Yes","Moderate",3.62,90.4,6.38,5.4,66.7,85.4,1,"Yes",1
"PhD","Medium","Yes","Noisy",4.39,86.7,5.8,0.6,100,98.9,3,"No",1
"High School","Medium","Yes","Moderate",4.24,71.3,5.95,5.4,96.3,81.8,1,"No",1
"High School","Medium","Yes","Quiet",5.35,84.5,6.12,0.4,100,71.4,1,"No",1
"Bachelor","Medium","Yes","Moderate",3.85,96,7.08,2.5,100,78.9,5,"No",1
"High School","Low","Yes","Moderate",2.97,97.6,8.49,1.2,78.8,61.4,1,"Yes",1
"High School","Low","No","Quiet",3.66,83.9,6.05,2.5,65.3,76.5,1,"No",1
"Bachelor","Low","Yes","Moderate",4.51,79.9,6.98,3.1,97.2,69.4,3,"No",1
"Master","Low","Yes","Quiet",2.78,92.2,8.65,1.3,78.9,44.2,2,"No",1
"Master","Medium","Yes","Moderate",4.48,73.2,5.79,0,92.6,67.7,1,"Yes",1
"Bachelor","High","Yes","Moderate",4.22,94.7,7.16,4.8,60.9,100,2,"Yes",1
"Bachelor","Medium","Yes","Moderate",1.82,97.3,6.87,2.2,64,63.7,2,"Yes",1
"PhD","Low","Yes","Moderate",1.76,73.6,7.57,2.2,70.5,87.4,3,"No",1
"Bachelor","High","Yes","Quiet",4.56,99.7,6.06,4.5,94.3,88.5,0,"Yes",1
"Bachelor","Low","Yes","Quiet",5.29,91.7,5.85,4.1,66.7,51.5,2,"Yes",1
"High School","Low","Yes","Moderate",5.15,77.3,7.66,3,85.7,71.2,0,"No",1
"Bachelor","Low","Yes","Quiet",1.61,100,7.13,4,90.6,73.2,0,"No",1
"PhD","Medium","Yes","Quiet",2.95,96.4,8.8,2.2,98.7,80.7,2,"No",1
"Bachelor","Medium","Yes","Noisy",3.62,100,7.54,1.6,97.1,74.1,3,"Yes",1
"High School","Low","Yes","Noisy",1.55,82.3,8.18,0.1,68.2,48.4,4,"Yes",1
"Bachelor","Medium","Yes","Moderate",3.19,88.3,5.59,1.7,59.7,65.9,6,"No",1
"Bachelor","Low","Yes","Quiet",2.19,78.4,7.49,0.2,88,58.2,4,"No",1
"Bachelor","Medium","Yes","Moderate",3.43,80.7,6.33,2.7,92.6,53.2,5,"No",1
"Master","High","Yes","Moderate",2.35,78.5,6.58,3.8,100,73.7,0,"No",1
"High School","Medium","Yes","Noisy",3.61,87.9,6.33,1.8,57.5,53,4,"Yes",1
"Master","High","Yes","Quiet",4.13,61.8,6.9,3.9,74.1,67.6,1,"No",1
"Master","Medium","No","Quiet",3.67,86.9,4.84,2.9,97.6,73.6,1,"No",1
"Bachelor","Low","Yes","Quiet",3.67,65.7,7.55,1.3,62.4,87.5,3,"No",1
"Master","Medium","Yes","Quiet",4.19,73.2,7.9,2.5,90.7,99.6,1,"No",1
"Bachelor","Medium","Yes","Noisy",3.17,79.8,8.54,0.3,71.9,73.4,1,"No",1
"High School","Low","Yes","Moderate",3.93,82.2,7.17,3.7,82.1,68.4,3,"No",1
"High School","Low","Yes","Quiet",2.76,91.6,7.58,1.2,97.8,57.1,2,"Yes",1
"Master","Medium","Yes","Noisy",4.09,100,7.64,0.8,100,52.9,3,"No",1
"High School","Medium","Yes","Quiet",3.25,89.9,8.12,1.7,90.7,61.2,3,"No",1
"Bachelor","Medium","Yes","Quiet",4.17,76.1,7,2.1,100,60.1,1,"Yes",1
"Master","High","Yes","Moderate",5.68,100,7.79,3.6,76.7,63.8,4,"No",1
"Master","High","Yes","Noisy",4.88,100,6.66,2.7,100,94,2,"No",1
"High School","Medium","Yes","Quiet",5.8,76.6,7.9,2.1,100,87.6,2,"No",1
"Bachelor","Medium","Yes","Moderate",4.52,90.2,7.29,2,89.5,73.9,2,"No",1
"High School","Medium","Yes","Quiet",3.79,89.2,5.93,2.4,78.9,52.2,2,"No",1
"High School","High","Yes","Quiet",4.7,73.9,6.52,4.3,68.1,54.6,1,"Yes",1
"Bachelor","Medium","Yes","Quiet",2.78,78,8.46,3.3,57.2,65.4,2,"No",1
"High School","Medium","Yes","Moderate",3.62,83.9,7.21,1.2,90.4,82.6,2,"No",1
"Master","High","Yes","Noisy",5.88,97.6,6.65,3,89.6,69.4,2,"No",1
"High School","Medium","Yes","Moderate",2.37,90.3,7.47,1.6,100,60.9,1,"No",1
"High School","Medium","Yes","Quiet",5.02,80.3,6.3,1.8,95.7,49,3,"No",1
"Bachelor","High","Yes","Moderate",4.33,92.4,8.94,4.3,73.8,73.5,2,"No",1
"Master","Medium","Yes","Quiet",3.21,95.2,6.4,2.6,79.3,73.1,2,"No",1
"Bachelor","Low","Yes","Moderate",2.3,74.7,7.89,0.5,73.5,47.8,0,"No",1
"High School","Medium","Yes","Moderate",3.04,83.9,5.01,3,87.2,61.4,2,"Yes",1
"Master","Low","Yes","Quiet",3.04,69.8,7.91,3.3,100,70.8,2,"Yes",1
"High School","Low","Yes","Quiet",2.8,64.7,10,1.7,81.2,87.4,3,"No",1
"High School","Medium","No","Noisy",2.55,88.2,5.59,2,72.4,61.4,1,"No",1
"Master","Low","Yes","Quiet",4.54,95.2,5.9,1.9,74,85.7,3,"No",1
"Master","High","Yes","Quiet",2.29,97.9,7.31,0.6,82.7,63.8,1,"No",1
"Master","Low","Yes","Quiet",5.5,86.6,5.72,1.8,97,68.8,1,"No",1
"Master","Low","Yes","Noisy",1.81,100,8.37,1.7,63.5,64.9,4,"No",1
"Bachelor","High","Yes","Moderate",2.49,74.8,6.46,3.7,65.2,85.4,4,"No",1
"Bachelor","Medium","Yes","Quiet",4,90.9,7.29,2.1,86.4,83,4,"No",1
"Master","Medium","Yes","Moderate",3.69,80.3,7.63,3.8,95.1,93.4,4,"No",1
"Master","Low","Yes","Moderate",4.42,86,6.7,1.8,91.4,38.4,0,"No",1
"Master","High","Yes","Moderate",4.83,85.6,5.21,1.3,69.2,78.1,1,"No",1
"Master","Low","Yes","Moderate",4.14,89.5,6.65,1.3,85.5,74.5,4,"No",1
"High School","Low","Yes","Noisy",4.38,94.6,7.07,2.1,86.3,88.9,1,"No",1
"High School","Low","Yes","Noisy",5.27,94.6,9.06,1.2,100,82.8,2,"No",1
"High School","Medium","Yes","Noisy",2.35,86.5,8.05,3.3,60.1,72.3,2,"Yes",1
"High School","Medium","Yes","Noisy",4.01,92,8.3,4.5,63.1,78.7,0,"No",1
"High School","Low","Yes","Noisy",4.19,75.6,7.3,0,61.4,94.2,4,"Yes",1
"PhD","Medium","Yes","Moderate",4.64,97.3,7.16,1.3,78.7,66.6,4,"No",1
"High School","Medium","Yes","Moderate",4.06,100,6.82,0,100,81.5,0,"No",1
"High School","Low","Yes","Quiet",2.1,77.1,8.76,0,86.3,74.8,2,"Yes",1
"High School","Low","Yes","Quiet",4.85,86.9,6.94,1.2,69.5,86.3,2,"Yes",1
"Master","Low","Yes","Moderate",4.06,88.3,7.1,4.2,65.8,39,1,"Yes",1
"High School","Medium","Yes","Quiet",4.13,72.5,5.08,3.6,79.6,88.5,3,"No",1
"Master","Medium","Yes","Quiet",4.37,90.5,6.18,2.9,96.3,62.7,1,"No",1
"Bachelor","Low","No","Quiet",3.14,92.2,7.13,1.7,85.4,64.1,2,"No",1
"High School","Medium","Yes","Quiet",4.65,73.7,7.08,1.8,99,49.2,1,"Yes",1
"Bachelor","Low","Yes","Quiet",3.88,80,7.88,1.2,72.5,61.4,2,"No",1
"PhD","Medium","Yes","Noisy",2.72,100,8.19,3.8,70.9,85.3,0,"Yes",1
"Master","Low","Yes","Moderate",4.74,78.6,8.88,4.2,79.8,75.7,2,"Yes",1
"Master","Medium","Yes","Quiet",3.97,98.2,7.27,4.3,85.9,53.7,2,"No",1
"Master","Medium","Yes","Noisy",4.37,86,6.44,5.6,89.2,56.8,2,"No",1
"Bachelor","Medium","Yes","Moderate",3.15,90.3,8.26,1.7,91.2,45.7,4,"No",1
"Bachelor","Medium","No","Moderate",3.89,92.4,7.07,1.9,79.2,70.8,1,"Yes",1
"High School","Medium","Yes","Moderate",3.26,88.7,6.81,4.2,92.9,89.7,2,"No",1
"Bachelor","Medium","Yes","Quiet",4.97,67.4,8.55,0.1,40.5,75.7,1,"Yes",1
"Bachelor","Medium","Yes","Quiet",4.03,85.9,7.32,4.1,72.2,57.5,5,"Yes",1
"High School","High","Yes","Quiet",3.68,89.3,6.73,2.6,82.6,73.4,2,"No",1
"Bachelor","Low","Yes","Noisy",4.14,80,6.51,5.1,89.7,75.5,1,"Yes",1
"Bachelor","Medium","Yes","Quiet",3.76,91,6.66,4,74.7,91.6,4,"No",1
"High School","Medium","Yes","Noisy",3.2,100,6.64,0.9,79.7,84,2,"No",1
"High School","Low","Yes","Moderate",4.5,95.5,7.07,0.4,63.2,73.7,2,"Yes",1
"Bachelor","Medium","Yes","Moderate",3.63,84.9,6.91,3.6,80.5,60.2,2,"No",1
"Bachelor","Low","No","Moderate",3.01,79.8,4.49,3.2,92.1,40.1,4,"No",1
"Bachelor","Medium","Yes","Moderate",3.19,87.4,7.68,4.5,84.9,88.2,0,"No",1
"High School","Medium","Yes","Quiet",3.61,94.1,6.88,2.9,84.1,93.5,3,"No",1
"High School","Low","No","Quiet",3.61,86.1,5.72,2.3,81.1,50.7,3,"No",1
"Bachelor","High","Yes","Quiet",4.57,67.3,6.7,1.5,69.1,74.3,3,"Yes",1
"Bachelor","Low","Yes","Quiet",2.65,88.1,8.85,1.4,55.3,81.3,0,"No",1
"Bachelor","Low","Yes","Moderate",2.62,80.6,7.23,3.1,77.8,95.3,1,"No",1
"Bachelor","Medium","Yes","Noisy",3.51,77,8.96,3,75.7,83.1,2,"No",1
"Bachelor","Medium","No","Quiet",4.69,75.9,6.54,2.3,62.2,74.3,3,"No",1
"High School","Medium","Yes","Noisy",3.39,74.6,7.25,1.4,87.1,51.3,2,"Yes",1
"Master","Medium","No","Moderate",2.39,91,8.08,3.4,85.6,80.3,6,"No",1
"Bachelor","Low","Yes","Quiet",3.07,75.4,8.94,2.9,76.3,66.9,2,"No",1
"Bachelor","Low","Yes","Quiet",3.52,80.6,7.89,2.5,83.1,33.7,0,"No",1
"High School","Medium","Yes","Moderate",4.24,71.4,8.27,0.6,91,53.8,1,"No",1
"Master","Low","Yes","Quiet",4.15,100,6.83,1.8,100,51.3,0,"Yes",1
"High School","Low","Yes","Moderate",4.14,66.8,6.82,3.9,100,88.2,1,"No",1
"High School","Medium","Yes","Quiet",2.6,80.1,9.53,0.1,100,53,2,"Yes",1
"Bachelor","High","Yes","Moderate",3.38,91.3,8.3,2.2,99.4,63.7,2,"No",1
"High School","Low","Yes","Quiet",3.35,84.3,6.16,1.3,81.9,86.4,1,"Yes",1
"Master","Low","Yes","Moderate",4.06,89.4,6.08,1.3,60.9,72.7,2,"No",1
"Bachelor","Low","Yes","Quiet",5.12,68.2,7.61,0,85.3,60.6,4,"No",1
"High School","Medium","Yes","Quiet",3.22,99.7,7.46,5.9,92.3,71,2,"No",1
"High School","Low","Yes","Quiet",3.67,66.6,7.56,2.5,100,62.5,1,"No",1
"Master","High","Yes","Quiet",2.76,91.3,7.02,2.8,97.4,50.9,0,"Yes",1
"Bachelor","Medium","Yes","Quiet",6.12,92.3,8.51,3,82.8,79,5,"No",1
"High School","Medium","Yes","Quiet",4.51,94,4.89,4,75.3,63.7,2,"Yes",1
"Bachelor","Low","Yes","Quiet",4.37,85.4,7.73,2,52.5,58.3,2,"No",1
"Bachelor","Low","Yes","Noisy",3.31,93.2,7.41,5.5,100,91.4,3,"No",1
"Master","High","Yes","Moderate",5.45,96.7,7.21,1.5,100,94.3,1,"No",1
"High School","Medium","Yes","Noisy",4.16,83.6,6.94,1.4,76,69.4,0,"Yes",1
"Bachelor","Medium","Yes","Quiet",1.37,84.7,6.85,1.8,88.5,59.3,2,"No",1
"Bachelor","High","Yes","Noisy",5.06,79.8,6.89,4.1,47.9,61.1,2,"No",1
"High School","High","Yes","Moderate",4.51,79.6,6.48,3.8,97.6,52.7,2,"No",1
"Master","Medium","Yes","Moderate",2.9,89.1,5.34,0,100,69.1,2,"No",1
"Master","High","Yes","Moderate",3.23,90.4,6.83,3.3,88.8,53.7,1,"Yes",1
"Bachelor","Medium","Yes","Quiet",4.7,68.8,7.84,3.3,64.5,86,1,"Yes",1
"Bachelor","Medium","Yes","Noisy",4.28,93.6,5.82,4.1,87.2,79.1,0,"No",1
"Master","Low","No","Moderate",2.5,74.4,6.49,2,81.8,53.9,1,"No",1
"Bachelor","High","Yes","Noisy",2.36,81.2,6.33,1.1,70.1,60.8,1,"Yes",1
"High School","High","Yes","Quiet",5.14,69.5,6.75,0,74.2,73.7,2,"Yes",1
"Bachelor","Medium","Yes","Moderate",4.78,100,7.18,3.4,100,76.2,5,"No",1
"Bachelor","Medium","Yes","Quiet",4.17,96.6,7.44,2.1,76.5,70.3,2,"No",1
"Master","Low","Yes","Moderate",2.69,100,7.73,1.7,100,56.4,2,"No",1
"PhD","Medium","No","Moderate",3.84,69.1,8.74,4.9,73.8,67.8,2,"No",1
"Master","Medium","Yes","Quiet",4.96,92.1,7.9,3.3,88.7,74,4,"Yes",1
"Bachelor","Medium","Yes","Moderate",1.96,71.8,6.94,0,92.1,56.7,1,"Yes",1
"Bachelor","Low","Yes","Moderate",4.7,94.8,6.8,1.8,77.5,77.4,1,"Yes",1
"High School","Medium","No","Noisy",3.72,72.7,4.77,0,68.8,82.5,3,"Yes",1
"High School","Medium","Yes","Noisy",4.41,83.2,4.53,4.9,92.6,46,1,"No",1
"Bachelor","High","Yes","Noisy",4.22,93.9,6.75,0,84,41.6,3,"Yes",1
"Master","High","No","Moderate",4.82,72.2,6.84,4.3,88.3,78.4,2,"Yes",1
"Bachelor","Medium","Yes","Noisy",3.75,82.8,6.4,0.6,57.2,74.7,1,"No",1
"Bachelor","Medium","Yes","Moderate",3.02,100,5.82,2.4,91.6,83.8,1,"No",1
"High School","Medium","Yes","Moderate",2.88,88.6,9.14,3.6,79.2,80.4,3,"No",1
"High School","Low","Yes","Quiet",3.16,71.2,7.92,0,75.1,77.9,3,"No",1
"Master","High","Yes","Noisy",3.48,80.4,8.39,3.2,94.2,70.5,2,"No",1
"High School","Medium","Yes","Quiet",2.4,86.5,6.79,0.6,96.2,53.9,2,"No",1
"Bachelor","Low","Yes","Moderate",3.5,93.5,7.75,4.5,71.9,68.6,3,"No",1
"Bachelor","High","Yes","Moderate",2.22,74,5.34,1.5,100,69.2,5,"No",1
"Bachelor","Medium","Yes","Moderate",3.59,88.5,5.52,2.4,51.7,72.4,4,"No",1
"Bachelor","High","No","Noisy",3.18,76.2,6.79,4.4,80.1,90,0,"No",1
"Bachelor","Low","Yes","Quiet",3.55,70.2,7.02,2.8,70.3,50,3,"Yes",1
"High School","High","Yes","Moderate",3.58,81.1,8.48,1.1,84.5,80.2,4,"No",1
"Bachelor","Medium","Yes","Moderate",2.91,78.8,7.61,0.6,73,67.2,1,"No",1
"Bachelor","High","Yes","Quiet",2.62,98,6.7,3.2,87.7,69,4,"No",1
"High School","Low","Yes","Quiet",1.98,79.9,6.77,3.1,83,68.3,2,"Yes",1
"PhD","Medium","Yes","Noisy",3.43,87.7,6.09,2.5,66.8,84.1,3,"No",1
"Bachelor","Medium","Yes","Moderate",3.22,97.3,7.2,1.8,78.9,75.2,1,"No",1
"High School","Medium","Yes","Moderate",5.69,85.9,6.26,1.6,79.9,63.3,0,"No",1
"Bachelor","High","Yes","Moderate",4.91,81.1,6.82,4.7,68.3,70.6,1,"No",1
"PhD","Low","Yes","Quiet",1.92,95.4,6.93,0,83.1,77.4,2,"No",1
"High School","Low","Yes","Moderate",1.91,83.6,6.69,1.7,86.2,79.8,0,"Yes",1
"High School","Medium","No","Quiet",3.58,77.2,7.25,2.6,79.2,83,1,"No",1
"Master","Medium","Yes","Noisy",2.76,91.3,7.16,3.3,82.8,81,2,"No",1
"Master","Low","Yes","Moderate",2.63,74,6.19,3.3,70,81,4,"Yes",1
"High School","Medium","Yes","Noisy",2.82,95.1,7.22,2.7,75.6,76.6,2,"No",1
"High School","Low","No","Moderate",2.28,94.1,6.86,2.1,87.1,78,2,"No",1
"Master","Low","No","Quiet",2.63,97.6,5.61,2.7,86.8,75.2,3,"No",1
"Bachelor","Medium","Yes","Moderate",3.02,69,7.21,1.5,73.6,78.8,2,"No",1
"High School","High","Yes","Quiet",2.45,100,8.07,1.6,69,75.5,1,"No",1
"High School","Medium","Yes","Noisy",3.79,86,6.96,2.5,87.5,79.4,2,"No",1
"Master","Medium","Yes","Quiet",4.14,79.9,7.84,4.9,71.1,68.5,3,"No",1
"Master","Low","Yes","Moderate",2.94,88.5,5.93,0.5,82.7,67.5,1,"No",1
"Master","Medium","Yes","Moderate",3.63,89.5,5.76,2,96.6,74.8,1,"No",1
"Master","Low","Yes","Quiet",4.22,95.1,8.92,2.4,77.8,86.1,3,"No",1
"High School","High","Yes","Noisy",3.47,72.9,7.47,0,97.5,60.8,1,"No",1
"High School","High","Yes","Quiet",3.46,82.3,5.75,3,93.4,72.7,3,"Yes",1
"High School","Low","Yes","Moderate",2.72,86.1,7.02,1.6,83.5,100,3,"No",1
"Master","Medium","Yes","Quiet",4.46,89,6.73,1.9,62.6,80.1,2,"No",1
"Bachelor","Low","Yes","Noisy",2.34,89.3,5.69,0.4,100,47.4,4,"No",1
"PhD","Medium","Yes","Moderate",4.5,91.8,7.4,1.7,89.2,86.5,5,"No",1
"High School","Medium","Yes","Quiet",3.35,92.1,8.01,3,67.9,57.4,3,"No",1
"PhD","Low","Yes","Moderate",3.96,71.7,9.19,0,95.2,89.1,2,"Yes",1
"Master","High","Yes","Quiet",3.47,97.3,6,0,84.1,63.6,2,"No",1
"High School","Medium","Yes","Moderate",3.48,82.7,6.89,2.1,78.1,91.5,2,"No",1
"Master","Low","Yes","Noisy",5.16,97.5,7.09,2.3,64.1,53.3,2,"No",1
"Master","Medium","Yes","Quiet",3.35,68.4,7.52,1.9,93.5,100,1,"No",1
"Master","Medium","Yes","Noisy",3.34,73.6,6.89,1.5,91.2,71,0,"No",1
"High School","Medium","Yes","Quiet",5,87.7,7.03,5.2,95.5,71.9,2,"No",1
"Bachelor","High","Yes","Moderate",3.57,82.4,7.43,3.2,99.4,87.6,4,"Yes",1
"High School","Low","No","Moderate",3.1,85,8.29,2.3,81.4,75.6,4,"No",1
"High School","Medium","Yes","Quiet",4.01,79.6,6.99,4.5,69.8,67.5,3,"No",1
"High School","High","Yes","Moderate",3.22,68.8,8,5.7,50.5,69.4,1,"Yes",1
"High School","Medium","Yes","Moderate",3.32,89,7.86,2.9,96.5,91.9,3,"Yes",1
"High School","High","Yes","Quiet",3.83,91.1,6.51,0,100,75.9,3,"Yes",1
"High School","Medium","Yes","Quiet",3.46,94.2,9.06,3.1,89.7,74,1,"Yes",1
"Bachelor","High","Yes","Quiet",3.14,77.3,6.81,1.6,54.4,46.6,5,"No",1
"Master","Low","Yes","Quiet",1.8,70.3,7.61,2.8,86.5,84.2,5,"No",1
"High School","Medium","Yes","Quiet",1.86,92,9.4,0,83.4,83.1,1,"No",1
"Master","High","Yes","Quiet",3.13,97.3,4.7,0.8,96.6,75.5,2,"No",1
"Bachelor","Medium","Yes","Quiet",5.04,83.6,7.31,3.3,87.9,80.7,3,"No",1
"Master","High","Yes","Moderate",3.03,79.9,6.43,1.3,53.5,33.1,3,"Yes",1
"Bachelor","High","Yes","Moderate",3.65,88.8,6.97,2.4,85.7,71.9,1,"No",1
"PhD","Medium","Yes","Quiet",2.26,75.2,6.9,1.9,78.2,80,1,"Yes",1
"Bachelor","Medium","Yes","Quiet",2.55,70.3,6.69,1.3,72.5,71.9,3,"No",1
"Bachelor","High","Yes","Moderate",2.92,76.5,6.3,1.2,93,66.1,0,"No",1
"High School","High","Yes","Moderate",4.28,87.5,7.13,2.9,93.4,100,1,"No",1
"High School","Low","Yes","Noisy",4.78,71.2,9.04,2.5,74.6,77.8,0,"No",1
"Bachelor","Medium","Yes","Quiet",4.42,69.2,7.19,0.4,75.3,63.8,1,"No",1
"High School","High","Yes","Quiet",2.83,64.9,7.66,1.2,81.9,68.3,3,"No",1
"High School","Low","Yes","Quiet",3.56,82.5,6.19,1.7,83,71.8,2,"No",1
"Master","Low","Yes","Moderate",4.09,87.7,6.9,2.6,83.1,90.3,1,"No",1
"Bachelor","Low","Yes","Moderate",3.99,84,6.34,3.3,62.8,73.4,2,"No",1
"Bachelor","Medium","Yes","Moderate",2.8,89.7,6.52,4.6,88.5,89.1,3,"Yes",1
"PhD","Low","Yes","Quiet",2.54,100,6.95,1.7,91,92.8,1,"Yes",1
"Bachelor","Medium","Yes","Noisy",4.33,87.4,6.7,3.7,75.6,76.9,0,"No",1
"Bachelor","Medium","Yes","Quiet",2.97,100,7.22,3.3,100,52.3,1,"No",1
"High School","Medium","No","Noisy",3.03,85.8,8.1,1.1,78.5,87.9,0,"Yes",1
"High School","Low","Yes","Quiet",3.62,79.4,8.28,2.5,83.4,84.6,3,"No",1
"Bachelor","Low","Yes","Moderate",3.07,79.5,5.11,3,83.7,64.7,2,"Yes",1
"High School","Low","Yes","Noisy",4.46,77.2,9.02,2.6,80.8,78.7,2,"No",1
"High School","Medium","Yes","Noisy",5.11,87.2,7.42,0.9,94.3,71.3,4,"No",1
"High School","Low","Yes","Moderate",0.8,80.3,6.4,0,87.1,79.6,2,"Yes",1
"Bachelor","Low","No","Quiet",3.96,75.4,5.15,0,66.5,53,1,"No",1
"High School","Low","No","Moderate",2.71,89.2,7.53,3.9,84.6,65.4,0,"No",1
"Bachelor","High","Yes","Moderate",4.24,100,7.36,5.8,99.8,72.3,1,"No",1
"High School","Low","Yes","Moderate",5.88,94.2,6.62,1.2,80.7,67.4,4,"Yes",1
"Bachelor","High","Yes","Noisy",4.22,89.7,8.26,0.8,100,69.1,2,"Yes",1
"High School","Medium","Yes","Noisy",2.81,86,6.48,3.2,90.2,49.8,0,"No",1
"Bachelor","Medium","Yes","Moderate",1.29,81.9,6.12,1.4,100,68.7,2,"No",1
"Master","Low","Yes","Quiet",4.19,100,8.11,2.7,71,70.1,1,"Yes",1
"High School","Medium","Yes","Quiet",3.05,78.7,5.99,3.2,100,73.1,1,"No",1
"Bachelor","Medium","Yes","Noisy",5.25,75.3,4.71,1.4,100,71,2,"Yes",1
"High School","Medium","Yes","Moderate",5.16,77.9,8.09,4.1,75.4,100,2,"No",1
"Bachelor","Medium","Yes","Quiet",3.15,81.1,8.74,1.4,100,57.5,3,"No",1
"Bachelor","Medium","No","Moderate",5.22,81.8,6.39,2,78.9,39.1,1,"No",1
"Bachelor","Medium","Yes","Quiet",1.21,83.1,7.08,3.3,77,61.9,1,"No",1
"High School","High","Yes","Noisy",2.52,82.2,6.36,2.6,88.6,66.8,1,"Yes",1
"Bachelor","Medium","Yes","Quiet",4.06,84.3,7.04,4.2,74.1,72.7,4,"No",1
"High School","Low","Yes","Noisy",3.05,77.9,6.72,0.5,80,78.3,1,"No",1
"Master","Medium","Yes","Quiet",3.53,89.4,4.94,2.8,67.8,80.7,4,"No",1
"High School","Medium","Yes","Moderate",2.23,82.6,7.18,2.3,92.2,45.9,3,"No",1
"Master","Low","Yes","Quiet",3.53,73.2,7.95,0,81.4,59.8,1,"Yes",1
"High School","High","Yes","Quiet",3.28,100,7.97,3.6,87.4,76.6,2,"No",1
"Bachelor","Low","Yes","Noisy",5.44,74.8,7.16,2,67.5,54.8,1,"Yes",1
"High School","Medium","Yes","Moderate",3.63,84.2,6,1.1,94.2,78.6,2,"No",1
"Bachelor","Low","Yes","Quiet",2.91,79.7,7.82,1.4,68,87.6,2,"Yes",1
"Bachelor","Low","Yes","Noisy",5.08,100,6.35,2.6,100,72.7,1,"No",1
"High School","Medium","Yes","Quiet",3.86,86,5.91,2.9,75.4,56.2,3,"No",1
"Bachelor","Medium","Yes","Quiet",1.39,83,7.09,3,95.7,66.4,3,"No",1
"Bachelor","Medium","Yes","Noisy",3.87,71.8,7.93,0,100,98.5,6,"No",1
"PhD","Low","Yes","Quiet",4.48,94.4,7.86,3.8,100,74.8,1,"No",1
"PhD","Medium","No","Quiet",2.27,97.1,7.64,1.5,71.5,88.9,1,"No",1
"Master","Medium","Yes","Quiet",2.48,100,7.02,2.4,100,100,2,"No",1
"Bachelor","High","Yes","Moderate",3.68,87,7.05,2.6,66.5,60.7,2,"Yes",1
"High School","Medium","Yes","Moderate",4.97,76.7,5.78,2.4,80.8,61.9,0,"Yes",1
"Master","Low","Yes","Noisy",4.44,90.5,8.48,0.7,71.3,82.9,5,"No",1
"Bachelor","Low","Yes","Quiet",3.78,90.6,5.48,0.8,83.6,62.8,0,"Yes",1
"Bachelor","High","Yes","Moderate",1.7,78.9,7.24,0.8,74.2,97.8,1,"Yes",1
"High School","Low","Yes","Moderate",3.57,83,7.15,3.6,64.1,55.3,2,"No",1
"High School","High","Yes","Quiet",3.32,66,5.33,0.3,89.8,80.6,1,"No",1
"High School","Medium","Yes","Moderate",3.36,92.4,8.92,3.5,100,78.7,3,"No",1
"Bachelor","Low","Yes","Noisy",3.85,94.5,7.04,2.4,81.3,57.4,2,"No",1
"Master","Medium","Yes","Noisy",2.93,87.6,6.44,0,73.3,79.2,3,"No",1
"PhD","Low","Yes","Noisy",3.7,87.9,5.98,2.6,73.4,87.7,2,"No",1
"High School","High","Yes","Quiet",2.99,79.1,8.68,1.1,95.8,71.7,0,"No",1
"High School","Medium","Yes","Moderate",4.12,81.9,7.02,5.1,87.9,85,5,"Yes",1
"Bachelor","High","Yes","Quiet",4.15,73.3,7.17,0.9,78.1,67,4,"No",1
"Bachelor","Low","Yes","Noisy",4.41,86,8.1,1.4,65.5,70,2,"Yes",1
"Bachelor","Medium","Yes","Moderate",4,67.8,7.62,1.7,83.4,79.5,1,"No",1
"Bachelor","Medium","Yes","Quiet",3.03,72.9,7.19,0,100,74.2,1,"No",1
"Bachelor","Low","Yes","Noisy",3.98,86.3,7.44,3.1,98.5,89.2,2,"No",1
"Master","Medium","Yes","Moderate",4.98,85.7,7.49,3,54.8,39.4,0,"No",1
"Bachelor","Medium","Yes","Quiet",4.99,89.2,8.55,4.3,100,77,1,"No",1
"High School","Medium","Yes","Noisy",4.26,75.9,6.84,1.1,74.2,50.2,1,"No",1
"High School","Low","Yes","Quiet",3.32,95,7.2,1.9,79.5,81.4,2,"No",1
"PhD","Medium","Yes","Moderate",3.63,98.2,7.41,1.9,67.8,80.3,2,"No",1
"High School","Low","No","Moderate",3.28,96.9,7.4,0.9,68.9,66.2,3,"Yes",1
"High School","High","Yes","Quiet",3.92,90,6.91,2.4,82.3,74.5,1,"No",1
"High School","High","Yes","Moderate",2.72,92.6,6.74,0.5,58.2,50,2,"Yes",1
"Bachelor","Medium","Yes","Noisy",1.81,95.2,8.15,1.5,83,36,1,"No",1
"Master","Low","Yes","Quiet",2.33,92.3,6.73,0.1,73.6,70.6,3,"No",1
"PhD","Medium","Yes","Moderate",3.03,91.9,6.73,4.5,83.6,73.2,2,"No",1
"Bachelor","Low","Yes","Moderate",4.8,61.3,9.19,0.6,84.7,64.3,2,"Yes",1
"PhD","Medium","Yes","Quiet",4.42,91.1,7.18,5.7,100,71,2,"No",1
"High School","Low","Yes","Moderate",2.59,72.5,6.72,5.3,76.4,91.7,1,"No",1
"High School","Low","Yes","Moderate",3.25,84.6,5.82,1.9,40.8,71,2,"No",1
"Master","Medium","Yes","Noisy",3.26,70.2,5.58,4.1,91.9,61.6,2,"No",1
"Master","Low","Yes","Moderate",4.34,79.4,5.84,2.4,85.1,66.7,3,"Yes",1
"High School","Medium","No","Quiet",2.74,87.9,6.54,0.5,88.8,63.1,2,"Yes",1
"High School","High","Yes","Quiet",4.8,78.8,6.55,1.3,73.6,64.6,5,"No",1
"PhD","High","Yes","Quiet",3.79,80.8,6.28,3.6,70,71.6,2,"No",1
"Bachelor","Low","Yes","Quiet",3.04,100,6.99,2.9,80.8,60.9,2,"Yes",1
"Bachelor","High","Yes","Noisy",2.63,70.5,6.6,0.7,75.8,81.5,3,"No",1
"Bachelor","Low","No","Moderate",5.52,75.3,7.27,0.7,87,54.5,3,"Yes",1
"Master","Low","Yes","Quiet",2.9,92.9,6.98,0,79.3,68.7,1,"Yes",1
"Bachelor","High","No","Quiet",2.5,96.3,8.83,5.4,87.5,74.7,2,"Yes",1
"High School","Low","Yes","Moderate",6.14,69.5,7.95,1.1,100,59.4,2,"No",1
"Bachelor","Low","Yes","Quiet",1.46,85,7.2,1.2,84.1,64,3,"Yes",1
"Master","Medium","Yes","Quiet",3.94,83.3,5.71,0,54.2,81.9,3,"Yes",1
"Bachelor","Medium","Yes","Moderate",3.93,95.3,7.2,1.7,100,58.9,0,"Yes",1
"Bachelor","Medium","Yes","Quiet",4.51,85.5,5.44,6,83.9,52.8,0,"No",1
"Master","Medium","Yes","Moderate",3.67,83.5,7.27,2.2,46.7,73,2,"No",1
"High School","Medium","Yes","Noisy",4.47,98.8,7.27,0.9,98.5,57.6,4,"Yes",1
"High School","Low","Yes","Noisy",5.33,96.9,8.86,1.5,75.1,95.5,4,"Yes",1
"High School","High","Yes","Moderate",2.56,83,6.67,0.6,71.7,35.8,1,"Yes",1
"Bachelor","High","Yes","Moderate",3.91,75.8,8.61,1.5,76.9,99.4,3,"No",1
"High School","Medium","Yes","Noisy",1.9,73.7,7.56,3.1,81.8,100,1,"Yes",1
"Bachelor","High","No","Quiet",4.27,98.5,8.36,2.7,74.2,86.2,0,"No",1
"Bachelor","High","Yes","Noisy",4.27,91.6,7.05,3,97,63.7,1,"No",1
"Bachelor","Medium","No","Moderate",2.76,100,6.24,2.2,86.5,55.9,2,"No",1
"Bachelor","High","Yes","Quiet",3.56,81.1,7.27,1.4,81.2,75.1,1,"No",1
"PhD","Low","Yes","Moderate",5,71.4,7.95,1.1,59.2,56.1,3,"No",1
"Bachelor","Medium","Yes","Quiet",4.04,82.1,6.5,3.6,81,91.7,2,"Yes",1
"PhD","High","Yes","Moderate",3.51,72.5,6.8,1.8,95.8,71.6,1,"No",1
"High School","Medium","Yes","Moderate",2.01,80.9,6.75,2.4,85,69.1,4,"No",1
"Master","Low","Yes","Moderate",3.26,100,7.06,2.4,75.2,63.7,4,"Yes",1
"High School","Low","Yes","Quiet",1.71,97.1,7.13,4.7,58.5,52.5,2,"Yes",1
"Bachelor","Low","Yes","Quiet",3.79,70.7,8.02,2.2,86.8,61.1,1,"No",1
"Bachelor","Medium","Yes","Quiet",4.62,88.5,5.31,4,100,37.3,2,"Yes",1
"Bachelor","Low","Yes","Moderate",3,93.8,8.33,0.9,100,74.2,2,"No",1
"Bachelor","Medium","Yes","Moderate",1.87,80,7.02,2.3,88.7,55.5,4,"Yes",1
"Master","Medium","Yes","Moderate",6.26,76.8,4.47,1.2,91.2,60.8,1,"Yes",1
"PhD","Low","Yes","Quiet",4.11,72.6,8.92,2.7,84.5,45,3,"Yes",1
"Master","Medium","Yes","Moderate",3.62,87,7.59,0,79.5,63,1,"No",1
"Bachelor","High","Yes","Quiet",3.61,100,7.71,2.3,92.6,65.1,1,"No",1
"High School","Low","Yes","Noisy",2.3,74,7.84,2.7,62.8,71.5,2,"Yes",1
"High School","Low","Yes","Quiet",2.96,94.1,7.28,1.1,73.8,26.5,2,"No",1
"High School","High","Yes","Quiet",3.67,89.4,6.49,2.5,79.7,84.5,1,"No",1
"Bachelor","High","Yes","Moderate",4.29,100,6.87,3.2,82.4,66.5,3,"No",1
"Bachelor","High","Yes","Moderate",4.68,55.7,7.69,5.5,79.1,43.3,2,"Yes",1
"Master","Low","Yes","Moderate",5.12,94.5,7.83,2.2,88.7,78.7,1,"Yes",1
"High School","Low","Yes","Moderate",2.83,91.9,7.36,3.4,95.1,66.5,2,"No",1
"High School","Medium","Yes","Noisy",4.79,78.5,5.99,2.2,64.2,83.3,3,"No",1
"PhD","Medium","Yes","Quiet",3.45,84.3,7.65,1.7,88.3,58.8,2,"Yes",1
"High School","Medium","Yes","Noisy",1.91,74.9,8.28,2.7,81.9,70.3,2,"Yes",1
"Bachelor","High","Yes","Moderate",3.01,87.5,7.5,1.9,78.9,81.7,1,"No",1
"Master","Medium","Yes","Moderate",1.59,96.3,7.7,2.8,82.7,63.7,0,"No",1
"Master","Low","Yes","Quiet",3.33,70.2,5.04,0.6,97.7,91.4,1,"Yes",1
"High School","Medium","Yes","Noisy",5.03,67.4,8.66,4.6,66.2,79.5,2,"No",1
"PhD","Medium","Yes","Noisy",3.5,87.1,8.22,3.2,100,58,2,"No",1
"High School","Medium","Yes","Noisy",2.49,88,6.86,0,100,66,2,"No",1
"Master","Medium","Yes","Moderate",2.74,77.4,9.41,4.1,85.3,58,2,"No",1
"High School","High","No","Noisy",3.96,67,6.75,4.2,82.5,92.7,2,"No",1
"High School","Medium","Yes","Quiet",2.66,84.7,8.46,1.8,90.2,80.4,1,"No",1
"Bachelor","Medium","Yes","Quiet",1.99,83.8,7.83,1.2,85.7,73,5,"Yes",1
"High School","Low","Yes","Noisy",3.85,95.3,7.56,0.1,67.8,39.3,1,"No",1
"Master","High","Yes","Quiet",3.16,75.4,7.02,2.2,94,53.3,1,"No",1
"Bachelor","Medium","Yes","Quiet",2.74,79.7,6.89,2,76.2,77.4,1,"No",1
"Bachelor","Low","Yes","Moderate",2.11,91.6,5.13,4.5,97.7,32.4,2,"No",1
"Master","High","Yes","Quiet",4.07,82.6,6.82,2,83.1,82.3,1,"No",1
"Master","Medium","Yes","Noisy",2.46,74,7.51,0,64.6,73,1,"No",1
"Master","Low","Yes","Quiet",1.93,91.1,5.24,3,82.7,94.1,3,"No",1
"High School","High","Yes","Quiet",2.42,83.1,7.41,3.6,74.9,88.8,2,"No",1
"Bachelor","Low","Yes","Moderate",2.01,95.7,7.65,0.9,83.3,70.7,3,"No",1
"Master","Medium","Yes","Noisy",4.02,91.8,6.7,0.8,91.1,70.1,3,"Yes",1
"Bachelor","Medium","Yes","Moderate",2.63,92,7.85,2.2,71.4,78.9,3,"No",1
"High School","Low","Yes","Noisy",2.24,80.2,6.13,1,100,53.5,6,"Yes",1
"High School","Low","Yes","Quiet",2.79,85.8,7.5,2.1,79.1,90.6,1,"No",1
"Bachelor","Medium","Yes","Quiet",2.86,100,4.34,2.7,97.1,61.9,2,"No",1
"Bachelor","High","Yes","Quiet",2.15,76.4,6.79,0,75.9,65.8,2,"No",1
"Bachelor","High","Yes","Quiet",3.91,65.4,6.32,1.8,72.3,96.2,3,"Yes",1
"Bachelor","Low","Yes","Moderate",4.45,75.4,6.93,4.2,95.2,75.7,2,"No",1
"Bachelor","Medium","Yes","Quiet",2.42,84,7.46,2.7,85.6,100,0,"No",1
"High School","Medium","No","Noisy",2.74,87.6,7.35,2.3,83.6,58.7,0,"Yes",1
"High School","Medium","Yes","Noisy",3.43,81.9,8.84,3,77.9,74.9,0,"No",1
"Bachelor","Medium","Yes","Quiet",2.22,85.6,7.11,2.2,92.9,61.6,2,"No",1
"High School","High","Yes","Noisy",2.61,82.5,7.4,1.6,83.6,45,3,"No",1
"High School","Low","Yes","Moderate",3.65,92.4,6.57,1.4,100,70.1,1,"Yes",1
"Bachelor","Low","Yes","Noisy",2.27,83.5,6.73,0.4,75.7,68.6,1,"Yes",1
"Master","Low","Yes","Noisy",3.52,100,5.88,2.3,87.1,63.6,3,"No",1
"Bachelor","Medium","No","Quiet",2.47,90.1,7.79,1,66.9,72.7,3,"No",1
"High School","Medium","Yes","Quiet",2.37,98,6.48,0.7,72,49.4,4,"No",1
"High School","High","Yes","Moderate",5.45,78.6,6.99,3.8,83.9,70.7,1,"No",1
"Bachelor","Low","Yes","Moderate",2.68,79.1,6.78,0,100,59.5,2,"No",1
"High School","High","Yes","Noisy",4.32,82.4,8.49,2.9,94.3,85,2,"No",1
"Bachelor","Low","Yes","Noisy",2.4,94.5,7.22,4.1,86.7,73.6,0,"No",1
"High School","Medium","Yes","Quiet",3.35,96.4,9.16,0.4,84.8,73.2,2,"No",1
"Master","Medium","Yes","Moderate",4.06,80.1,6.36,5.5,93.8,82,2,"No",1
"PhD","Low","Yes","Moderate",3.08,88.4,5.8,1.2,73.7,68.9,2,"No",1
"High School","Low","Yes","Quiet",1.98,93.6,6.95,2.2,88.6,82.9,3,"Yes",1
"Bachelor","High","Yes","Moderate",4.27,100,6.69,4.2,62.8,64.7,0,"No",1
"Bachelor","Medium","Yes","Moderate",3.01,86.7,7.82,2.3,76.3,46.1,3,"No",1
"High School","High","Yes","Moderate",2.42,100,8,2.4,94.7,73,4,"No",1
"High School","High","Yes","Quiet",3.67,96.4,7.72,4.2,77.6,48.2,3,"No",1
"Bachelor","High","Yes","Moderate",4.02,84.5,7.22,2.6,90.1,77.6,3,"No",1
"Master","Low","Yes","Moderate",4.05,77.2,8.07,1.8,100,84,1,"No",1
"Bachelor","Medium","Yes","Noisy",2.33,83.5,6.34,2.4,73.4,58.9,1,"No",1
"Master","Low","Yes","Moderate",3.95,97,8.1,2.5,53,52.4,5,"Yes",1
"High School","Medium","Yes","Moderate",4.17,85,8.6,1.5,67.1,76.6,1,"No",1
"Bachelor","Low","Yes","Noisy",4.34,68,6.68,0.8,79.1,67.8,1,"No",1
"Bachelor","Medium","Yes","Quiet",5.14,87.6,8.39,3,86.4,76.9,4,"No",1
"Master","Medium","Yes","Moderate",4.25,97.1,6.63,0.1,100,57.3,0,"No",1
"High School","Medium","Yes","Quiet",4.39,100,8.49,4.3,56.1,75.7,1,"No",1
"Bachelor","Low","Yes","Quiet",4.33,81.3,7.16,2.1,87.3,74,0,"Yes",1
"Master","Medium","Yes","Moderate",5.7,83.2,7.72,1.6,53.8,66.8,2,"No",1
"Master","High","Yes","Quiet",2.94,78.6,8.2,2,99.6,69.7,1,"No",1
"High School","High","Yes","Quiet",3.16,91.2,7.27,1.4,96.1,91,0,"Yes",1
"High School","Medium","Yes","Quiet",3.19,98.4,7.96,3.2,64.8,74.8,2,"No",1
"High School","Medium","Yes","Noisy",5.03,68.6,7.66,2.8,82.5,53.2,2,"No",1
"High School","Medium","Yes","Noisy",4.82,89.8,5.74,4.1,65.8,60,4,"Yes",1
"High School","Low","No","Quiet",6.36,90,6.77,1.8,79.5,66.8,2,"No",1
"Bachelor","Low","Yes","Moderate",3.1,94.6,8.24,1.4,79.3,76.2,3,"Yes",1
"High School","Low","Yes","Moderate",3.69,85.1,6.64,3.2,84.7,85,2,"No",1
"Bachelor","Medium","No","Noisy",4.53,100,6.35,1.1,51.2,72.7,2,"No",1
"High School","High","Yes","Quiet",2.45,70.8,6.69,0.7,97.7,64.6,4,"No",1
"High School","Medium","Yes","Quiet",4.22,88.1,8.4,5.4,74.3,55.6,2,"Yes",1
"High School","High","Yes","Moderate",5.04,77.8,7.2,0.6,63.2,69.2,4,"No",1
"Master","Medium","No","Moderate",3.92,94,6.49,0.5,91.7,77.5,3,"No",1
"Bachelor","Low","No","Moderate",3.52,74.2,7.06,0.8,88.6,85.9,3,"No",1
"Master","Medium","Yes","Moderate",4.48,95.7,7.45,0.8,97,83.7,1,"No",1
"High School","Medium","Yes","Quiet",3.03,90.9,7.57,2.2,74.4,57.3,4,"No",1
"Bachelor","Low","Yes","Moderate",3.46,91.6,6.27,5,64.2,63.8,3,"No",1
"High School","Medium","Yes","Quiet",5.58,90.6,6.26,0.5,100,38.4,1,"Yes",1
"High School","Medium","Yes","Noisy",3.52,100,6.96,0,78.6,56.9,3,"No",1
"High School","Low","Yes","Noisy",4.32,85.5,6.46,0.2,84.4,63.8,2,"No",1
"Bachelor","Medium","Yes","Moderate",1.74,79.9,7.39,3.8,80.1,74.3,3,"Yes",1
"Bachelor","Low","Yes","Noisy",4.78,83.7,7.74,3.2,88.3,80.7,2,"No",1
"Master","Medium","Yes","Quiet",3.52,91.1,5.61,2.7,77.6,88,2,"No",1
"Bachelor","Low","Yes","Moderate",4.06,100,7.9,1.6,100,48.1,2,"No",1
"High School","High","Yes","Quiet",1.2,84.1,7.28,1.9,87.9,75.8,1,"No",1
"High School","Medium","Yes","Quiet",2.53,97.6,7.33,2.5,88.7,100,2,"Yes",1
"Bachelor","High","Yes","Quiet",4.86,98.6,7,2.7,87.8,62,3,"No",1
"PhD","Medium","Yes","Quiet",4.04,67.4,7.37,0.2,61.8,84.7,3,"Yes",1
"PhD","Low","Yes","Moderate",4.45,81.2,9.67,0.6,55.7,63.2,1,"No",1
"High School","Medium","Yes","Noisy",4.79,95,6.69,2.1,71.5,63.8,2,"No",1
"Bachelor","Medium","Yes","Quiet",5.19,63.4,8.05,1.6,95.4,76.4,0,"No",1
"Bachelor","Medium","Yes","Quiet",4.12,77.6,8.53,0.4,100,90.1,3,"No",1
"Master","High","Yes","Moderate",4.46,89.9,6.51,0.3,76.3,75.9,3,"Yes",1
"High School","Medium","Yes","Noisy",2.39,92.6,6.71,0,100,50.4,4,"No",1
"High School","High","Yes","Noisy",2.73,86.3,9.31,4.4,91.3,60,1,"No",1
"Bachelor","Medium","Yes","Quiet",3.82,100,7.64,1.6,67.4,71.3,0,"No",1
"High School","Low","Yes","Quiet",3.84,79,7.52,0.9,73.7,68.4,3,"Yes",1
"High School","Low","Yes","Moderate",2.9,81.3,7.05,3,100,64.8,3,"No",1
"High School","Low","Yes","Moderate",3.11,75.6,8.74,0,66,53.3,3,"Yes",1
"Bachelor","Medium","Yes","Noisy",2.76,74.4,6.81,2.7,61.4,82.8,0,"No",1
"High School","Low","Yes","Noisy",5.07,79.3,6.96,5.5,100,89.7,1,"No",1
"Bachelor","Medium","Yes","Quiet",2.07,97.8,7.6,4.5,81.5,48.6,6,"No",1
"Master","Low","Yes","Moderate",4.3,100,6,3.6,69.1,78.5,1,"Yes",1
"High School","Medium","Yes","Quiet",5.19,97.4,7.3,0.1,64.8,64.1,2,"No",1
"Bachelor","Low","Yes","Quiet",4.55,74.3,7.15,3.1,66,67.4,1,"No",1
"Bachelor","Medium","Yes","Noisy",0.58,89.1,6.52,1.8,80.1,52.9,3,"No",1
"Master","Low","Yes","Moderate",3.92,96.9,6.98,3.7,74.9,30.3,1,"No",1
"Master","Low","Yes","Moderate",3.55,81.1,6.86,1.8,93.4,76,1,"No",1
"Bachelor","High","Yes","Moderate",3.92,99.7,8.66,4.1,46.6,91.3,2,"No",1
"Bachelor","Low","Yes","Quiet",3.81,81.5,8.36,1,93.3,72.7,1,"No",1
"Bachelor","Medium","Yes","Quiet",2.46,98.5,5.11,2.6,79.3,97.9,4,"No",1
"PhD","High","Yes","Moderate",4.33,93.7,6.33,2.5,70.7,75.7,2,"No",1
"Bachelor","Medium","Yes","Noisy",5.17,76.2,8.88,2.5,82,84.9,2,"No",1
"Master","Medium","Yes","Quiet",3.8,76.8,7.29,5.1,84.5,86.9,1,"No",1
"Bachelor","Medium","Yes","Moderate",2.94,87.4,5.76,3.7,100,68.3,1,"No",1
"High School","Medium","Yes","Noisy",4.07,94.3,6.59,2.3,58.2,61.9,1,"No",1
"Bachelor","Medium","Yes","Moderate",2.36,73.7,6.24,2.9,98.9,52.4,0,"No",1
"High School","Medium","Yes","Quiet",5.52,90.1,7.87,3.5,67.9,71.8,1,"No",1
"Bachelor","Medium","Yes","Moderate",4.19,71.1,7.42,4.6,61.5,57.2,3,"Yes",1
"High School","Low","Yes","Quiet",2.68,100,6.8,3.7,85.8,92.1,0,"Yes",1
"High School","Medium","Yes","Moderate",3.83,71.6,5.93,4.7,100,49.9,3,"Yes",1
"High School","Medium","Yes","Moderate",3.59,100,6.77,4.5,44.8,77.3,3,"No",1
"Master","Medium","Yes","Noisy",4.09,95.7,7.99,4.3,56.4,68.6,1,"Yes",1
"Bachelor","Medium","Yes","Moderate",2.53,69.7,9.45,1.5,93.1,89.8,2,"No",1
"Bachelor","High","Yes","Moderate",1.3,94.7,7.6,1,82.1,60.6,6,"No",1
"Master","Medium","Yes","Quiet",2.35,80.5,7.75,0.4,83.8,72,2,"No",1
"High School","High","Yes","Noisy",4.14,86.7,6.27,1.4,78.2,49.4,1,"No",1
"High School","Medium","Yes","Noisy",2.39,89.2,5.35,2,91.6,69.6,2,"No",1
"High School","Low","Yes","Moderate",5,81.1,5.73,0,73.6,78,2,"Yes",1
"Master","Medium","Yes","Noisy",3.56,87.4,5.69,3.2,73.7,92.6,5,"No",1
"Bachelor","Medium","Yes","Moderate",3.31,97.2,7.64,2.3,83.8,57.8,1,"No",1
"Master","Medium","Yes","Quiet",4.19,80.6,7.82,2.1,88.1,85.7,1,"Yes",1
"Bachelor","Medium","Yes","Moderate",5.52,95.2,5.11,0,73.8,57.9,0,"Yes",1
"High School","Medium","Yes","Moderate",2.53,96.7,8.03,1,73.5,60.1,4,"No",1
"Bachelor","Medium","Yes","Moderate",3.74,84.9,6.64,4.3,71.9,85.1,2,"No",1
"High School","Medium","Yes","Quiet",2.49,89,4.87,3.2,70.2,69,2,"No",1
"High School","High","No","Moderate",3.47,81,8.34,2.5,97.3,59.1,3,"Yes",1
"Master","High","Yes","Noisy",3.51,77.9,7.63,2.2,71.6,78,0,"Yes",1
"Bachelor","Low","Yes","Quiet",4.36,86,5.99,4.6,66.6,100,2,"No",1
"PhD","Medium","Yes","Noisy",3.55,88.2,5.1,1.9,85.6,75.1,0,"No",1
"High School","Medium","Yes","Quiet",4.08,82.1,8.41,1,72.3,74.4,2,"No",1
"Bachelor","High","No","Moderate",2.52,72.9,5.53,0.1,75.5,66.6,4,"Yes",1
"High School","Medium","Yes","Quiet",2.65,62,7.89,0.9,56,59.5,2,"No",1
"High School","Low","Yes","Quiet",3.65,95.7,6.54,0.1,77.1,96,0,"Yes",1
"Master","Medium","No","Noisy",2.59,84.1,7.49,0.4,87.1,59.2,0,"No",1
"Bachelor","Low","Yes","Quiet",4.09,93.6,8.51,3.8,84.5,51.1,5,"No",1
"Bachelor","Medium","Yes","Quiet",2.1,73.3,7.92,1.9,83.7,81.3,1,"No",1
"High School","Medium","Yes","Moderate",2.52,100,7.69,0,67.9,97.2,2,"Yes",1
"Bachelor","Low","Yes","Noisy",2.18,90.7,5.59,1.7,80.9,67.3,3,"No",1
"Master","Medium","Yes","Noisy",2.42,94.5,8.2,2.3,72.9,76.3,2,"No",1
"Bachelor","High","Yes","Noisy",3.43,89.9,9.95,2.5,56.2,69.7,1,"No",1
"Bachelor","Low","Yes","Moderate",2.37,82.7,7.77,0.7,86.3,39,2,"No",1
"Bachelor","High","Yes","Quiet",3.12,89.3,6.3,0.9,74.2,84.4,3,"No",1
"High School","Low","Yes","Quiet",5.77,92.1,7.62,5.6,88.6,60.6,3,"Yes",1
"High School","High","Yes","Quiet",2.15,85.3,5.71,2.4,59.8,45.3,0,"No",1
"Master","Medium","Yes","Quiet",2.24,100,7.89,3.9,95.7,79.9,2,"No",1
"High School","High","Yes","Noisy",4.3,98.3,7.19,0.4,85.4,52.1,2,"No",1
"Master","Medium","Yes","Quiet",4.38,90.8,8.21,2.3,84.9,65.5,1,"Yes",1
"PhD","Medium","Yes","Moderate",3.88,81,8.68,0.2,100,59.6,2,"No",1
"Bachelor","Medium","Yes","Moderate",3.42,91.9,7.16,1.5,64,86.2,4,"Yes",1
"High School","High","Yes","Moderate",6.68,65.3,6.87,4,86.5,67.4,1,"No",1
"High School","High","Yes","Quiet",3.51,77.1,7.95,1.6,90.4,79.2,1,"No",1
"PhD","Medium","Yes","Quiet",3.18,99.5,6.61,2.4,99.2,72.1,2,"No",1
"High School","Medium","Yes","Noisy",2.43,94.2,8.12,0.8,79.1,57.1,2,"Yes",1
"High School","Low","Yes","Quiet",1.65,96.8,6.17,0,83.9,89.2,2,"Yes",1
"High School","Medium","Yes","Moderate",2.96,98.6,6.18,0,75.1,65.4,1,"No",1
"Master","Low","Yes","Moderate",3.77,87.5,7.51,3.5,63,91.8,3,"No",1
"High School","Low","Yes","Quiet",2.81,84.9,6.92,0.9,84,87.2,2,"Yes",1
"Bachelor","Low","Yes","Quiet",3.59,90.4,7.58,5.7,73.3,83.8,1,"Yes",1
"PhD","Low","Yes","Quiet",3.47,83.5,7.71,0.1,68.1,86.9,0,"No",1
"Bachelor","High","No","Quiet",2.03,92.4,8.05,2.2,100,92.1,1,"No",1
"High School","Low","Yes","Moderate",1.89,90.8,7.82,1,86.1,62.7,0,"No",1
"High School","Medium","Yes","Moderate",5.72,84.9,7,1.7,67.2,70.2,4,"No",1
"PhD","Low","Yes","Quiet",2.52,88.4,8.14,3.1,59.6,85.8,2,"No",1
"PhD","Medium","Yes","Moderate",4.57,85.4,9.32,2.6,100,70.7,4,"No",1
"Master","Medium","Yes","Noisy",4.15,93,6.97,2.4,41.4,83.6,2,"No",1
"Bachelor","Medium","Yes","Moderate",3.17,81.4,7.45,2.3,65.9,78.8,1,"Yes",1
"High School","Low","Yes","Moderate",1.59,96.2,6.99,1.7,63,93.4,1,"Yes",1
"Master","High","Yes","Quiet",4.28,91.1,7.27,1.5,87.1,72.1,3,"No",1
"Master","Medium","No","Moderate",3.4,92.8,5.68,3.9,94.6,76.8,1,"No",1
"Bachelor","Low","Yes","Moderate",4.53,82.9,6.54,4.3,88.2,57.6,1,"Yes",1
"PhD","Low","No","Moderate",4.4,91.5,6.84,1.2,100,67.4,1,"Yes",1
"High School","Medium","Yes","Moderate",1.36,88.4,7.72,4.2,93.8,85.8,3,"No",1
"Bachelor","Medium","Yes","Moderate",4.12,83.6,8.14,2.3,50.8,75.6,1,"No",1
"Bachelor","High","Yes","Moderate",5.03,81.3,6.17,4.1,58.3,69.7,1,"No",1
"Master","Medium","Yes","Quiet",3.33,78.6,6.61,0,65.3,94.4,1,"Yes",1
"Bachelor","Low","Yes","Quiet",6.14,76.9,8.73,3.4,100,57.8,2,"No",1
"Master","Medium","Yes","Moderate",2.26,91.3,7.85,2.4,65.9,91.5,1,"Yes",1
"Master","Low","Yes","Quiet",5.29,99.6,7.23,3.9,83.7,78.1,1,"No",1
"Bachelor","Medium","Yes","Noisy",3.2,99.7,7.09,2.9,77.1,83.9,5,"No",1
"Bachelor","High","Yes","Moderate",2.41,80.3,6.5,3.7,74.9,61.7,1,"No",1
"Bachelor","Medium","Yes","Noisy",2.14,73.6,6.58,3.2,78.2,64.6,2,"No",1
"Bachelor","Low","Yes","Quiet",3.17,82.8,7.41,1.1,82.5,71.5,1,"No",1
"PhD","Medium","Yes","Moderate",3.83,92.9,7.05,2.3,85,49.1,0,"No",1
"Bachelor","High","Yes","Noisy",5.56,96,6.97,3,100,48.8,1,"No",1
"Master","Medium","Yes","Noisy",3.12,89.1,6.9,3.1,69.1,71.6,1,"No",1
"Master","Medium","Yes","Moderate",2.8,89,8.05,1,70.7,60.7,1,"No",1
"High School","Medium","Yes","Quiet",3.17,77.1,6.8,1.1,100,67.3,4,"No",1
"Bachelor","High","Yes","Moderate",4.32,76.8,7.63,4.5,79.8,68.2,1,"Yes",1
"Master","Medium","Yes","Quiet",2.63,100,8.53,1,75.6,73.6,5,"No",1
"High School","Medium","Yes","Quiet",3.9,87.2,6.92,2.1,100,49.9,2,"No",1
"Bachelor","High","No","Quiet",2.7,97,7.17,3.1,95.4,55.7,1,"No",1
"Master","Medium","Yes","Moderate",4.16,100,5.39,2.4,100,72.3,3,"Yes",1
"High School","Low","Yes","Quiet",4.48,89.5,6.93,2.4,68.3,72.2,1,"No",1
"High School","Medium","Yes","Noisy",4.03,85.9,6.37,3.1,73,81.9,0,"No",1
"High School","Medium","Yes","Noisy",3.49,78.9,6.22,4.1,76.8,69.1,3,"No",1
"Master","Medium","Yes","Quiet",0.79,88,6.68,2.8,80.1,54.5,3,"Yes",1
"High School","Medium","No","Quiet",4.85,95.9,6.3,3.5,53.3,99.1,0,"Yes",1
"High School","Low","Yes","Moderate",5.76,73.9,8.8,2.5,70.1,79.8,0,"No",1
"Master","Low","Yes","Noisy",3.89,77.4,6.9,2.4,82.4,83.2,3,"No",1
"Bachelor","Medium","Yes","Quiet",1.97,87.1,7.5,5.1,63.5,63.4,2,"No",1
"Bachelor","Low","No","Quiet",3.46,90.7,7.72,2,77.9,39,5,"No",1
"Bachelor","Medium","Yes","Quiet",5.03,77.5,5.94,4.1,73.8,85.3,5,"Yes",1
"High School","Low","Yes","Moderate",5.4,88.2,6.29,0.9,88.8,81.6,0,"No",1
"Bachelor","Medium","Yes","Quiet",4.59,87.8,8,1,86.6,100,2,"Yes",1
"High School","Medium","Yes","Noisy",4.59,88.3,6.36,0.6,71.3,54.7,2,"No",1
"High School","Medium","No","Quiet",5.9,82.1,7.47,0.9,100,90.3,4,"Yes",1
"Bachelor","High","Yes","Moderate",4.11,88.1,8.34,4.2,91.5,56.1,3,"No",1
"High School","Medium","Yes","Moderate",3.12,86.9,7.38,3.6,100,69.3,5,"No",1
"Bachelor","Medium","Yes","Quiet",4.66,68.4,5.4,2.6,97.8,85,1,"No",1
"High School","High","Yes","Quiet",5.39,71.4,5.62,3.9,61,53.2,3,"No",1
"Bachelor","High","Yes","Moderate",5.05,77.4,5.81,0.6,67.2,58.6,4,"No",1
"Bachelor","Medium","Yes","Noisy",2.92,93.5,6.74,1.7,88.2,55.6,0,"Yes",1
"Master","Low","Yes","Moderate",3.75,99.1,6.06,1.1,91.8,62,1,"No",1
"Bachelor","Medium","Yes","Moderate",2.2,92.5,7.93,2.9,100,52.3,6,"No",1
"High School","High","Yes","Moderate",2.98,70.2,8.49,3,70.2,100,1,"Yes",1
"Master","Medium","Yes","Moderate",4.17,100,7.26,0,89.1,94.9,3,"No",1
"High School","Medium","Yes","Moderate",3.66,100,4.82,3.4,85.2,77.5,2,"Yes",1
"Master","Medium","Yes","Moderate",2.65,80.7,7.25,2.7,76.5,50.8,3,"No",1
"Master","High","Yes","Noisy",4.09,83.5,7.42,2.9,75.2,76.3,1,"Yes",1
"High School","Low","Yes","Noisy",3.09,84.4,7.19,3.8,77.1,92.3,4,"No",1
"Master","High","Yes","Quiet",4.97,74.2,7.88,5,67.7,72.2,0,"Yes",1
"Master","Low","No","Quiet",6.03,85.7,6.42,6.2,70.1,62.4,1,"No",1
"Bachelor","High","No","Quiet",1.92,97.8,9.15,3.5,74,69.6,3,"No",1
"Master","Low","Yes","Quiet",4.49,77.5,6.95,3,65,43.3,4,"No",1
"High School","Low","Yes","Moderate",3.47,77.9,6.97,2.5,85,69.7,3,"No",1
"Bachelor","Low","Yes","Moderate",2.5,81.8,6,1.8,100,53,5,"No",1
"High School","Low","Yes","Moderate",3.96,89.4,7.05,1.1,83.8,66.8,6,"Yes",1
"High School","Medium","Yes","Quiet",1.55,100,6.32,0.3,92.2,76.2,1,"No",1
"Bachelor","Medium","Yes","Quiet",3.15,95.5,7.68,1.1,86.2,65.9,2,"Yes",1
"Bachelor","Low","Yes","Quiet",3.98,93.4,7.77,0.7,75.1,69.9,3,"No",1
"Master","High","Yes","Moderate",2.45,99,5.79,2,95.3,61.4,1,"No",1
"Bachelor","Medium","Yes","Noisy",2.95,100,5.44,0,100,41,4,"No",1
"Bachelor","Low","Yes","Moderate",3.26,89.3,9.35,2.5,80.8,70.8,1,"No",1
"High School","Medium","Yes","Quiet",3.99,76.7,7.33,3.5,51.4,58.8,1,"No",1
"High School","Medium","Yes","Noisy",4.24,69.7,7.7,1.6,70,73.2,2,"Yes",1
